tick,kind,entity_id,old_status,new_status,row
0,supply_arrivals,supply-001,,SCHEDULED,"{""id"": ""supply-001"", ""depot_id"": ""depot-gazipur"", ""fuel_type"": ""DIESEL"", ""quantity"": 18000.0, ""planned_tick"": 12, ""actual_tick"": null, ""status"": ""SCHEDULED""}"
0,supply_arrivals,supply-003,,SCHEDULED,"{""id"": ""supply-003"", ""depot_id"": ""depot-patiya"", ""fuel_type"": ""DIESEL"", ""quantity"": 16000.0, ""planned_tick"": 14, ""actual_tick"": null, ""status"": ""SCHEDULED""}"
0,supply_arrivals,supply-002,,SCHEDULED,"{""id"": ""supply-002"", ""depot_id"": ""depot-gazipur"", ""fuel_type"": ""PETROL"", ""quantity"": 14000.0, ""planned_tick"": 16, ""actual_tick"": null, ""status"": ""SCHEDULED""}"
0,supply_arrivals,supply-004,,SCHEDULED,"{""id"": ""supply-004"", ""depot_id"": ""depot-patiya"", ""fuel_type"": ""OCTANE"", ""quantity"": 9000.0, ""planned_tick"": 20, ""actual_tick"": null, ""status"": ""SCHEDULED""}"
0,supply_arrivals,supply-101,,SCHEDULED,"{""id"": ""supply-101"", ""depot_id"": ""depot-gazipur"", ""fuel_type"": ""DIESEL"", ""quantity"": 12000.0, ""planned_tick"": 64, ""actual_tick"": null, ""status"": ""SCHEDULED""}"
0,supply_arrivals,supply-102,,SCHEDULED,"{""id"": ""supply-102"", ""depot_id"": ""depot-gazipur"", ""fuel_type"": ""PETROL"", ""quantity"": 10000.0, ""planned_tick"": 68, ""actual_tick"": null, ""status"": ""SCHEDULED""}"
0,supply_arrivals,supply-103,,SCHEDULED,"{""id"": ""supply-103"", ""depot_id"": ""depot-gazipur"", ""fuel_type"": ""OCTANE"", ""quantity"": 7000.0, ""planned_tick"": 72, ""actual_tick"": null, ""status"": ""SCHEDULED""}"
0,supply_arrivals,supply-104,,SCHEDULED,"{""id"": ""supply-104"", ""depot_id"": ""depot-patiya"", ""fuel_type"": ""DIESEL"", ""quantity"": 10000.0, ""planned_tick"": 76, ""actual_tick"": null, ""status"": ""SCHEDULED""}"
0,supply_arrivals,supply-105,,SCHEDULED,"{""id"": ""supply-105"", ""depot_id"": ""depot-patiya"", ""fuel_type"": ""PETROL"", ""quantity"": 8000.0, ""planned_tick"": 80, ""actual_tick"": null, ""status"": ""SCHEDULED""}"
0,supply_arrivals,supply-106,,SCHEDULED,"{""id"": ""supply-106"", ""depot_id"": ""depot-patiya"", ""fuel_type"": ""OCTANE"", ""quantity"": 6000.0, ""planned_tick"": 84, ""actual_tick"": null, ""status"": ""SCHEDULED""}"
0,supply_arrivals,supply-201,,SCHEDULED,"{""id"": ""supply-201"", ""depot_id"": ""depot-gazipur"", ""fuel_type"": ""DIESEL"", ""quantity"": 12000.0, ""planned_tick"": 128, ""actual_tick"": null, ""status"": ""SCHEDULED""}"
0,supply_arrivals,supply-202,,SCHEDULED,"{""id"": ""supply-202"", ""depot_id"": ""depot-gazipur"", ""fuel_type"": ""PETROL"", ""quantity"": 10000.0, ""planned_tick"": 132, ""actual_tick"": null, ""status"": ""SCHEDULED""}"
0,supply_arrivals,supply-203,,SCHEDULED,"{""id"": ""supply-203"", ""depot_id"": ""depot-gazipur"", ""fuel_type"": ""OCTANE"", ""quantity"": 7000.0, ""planned_tick"": 136, ""actual_tick"": null, ""status"": ""SCHEDULED""}"
0,supply_arrivals,supply-204,,SCHEDULED,"{""id"": ""supply-204"", ""depot_id"": ""depot-patiya"", ""fuel_type"": ""DIESEL"", ""quantity"": 10000.0, ""planned_tick"": 140, ""actual_tick"": null, ""status"": ""SCHEDULED""}"
0,supply_arrivals,supply-205,,SCHEDULED,"{""id"": ""supply-205"", ""depot_id"": ""depot-patiya"", ""fuel_type"": ""PETROL"", ""quantity"": 8000.0, ""planned_tick"": 144, ""actual_tick"": null, ""status"": ""SCHEDULED""}"
0,supply_arrivals,supply-206,,SCHEDULED,"{""id"": ""supply-206"", ""depot_id"": ""depot-patiya"", ""fuel_type"": ""OCTANE"", ""quantity"": 6000.0, ""planned_tick"": 148, ""actual_tick"": null, ""status"": ""SCHEDULED""}"
0,supply_arrivals,supply-301,,SCHEDULED,"{""id"": ""supply-301"", ""depot_id"": ""depot-gazipur"", ""fuel_type"": ""DIESEL"", ""quantity"": 12000.0, ""planned_tick"": 192, ""actual_tick"": null, ""status"": ""SCHEDULED""}"
0,supply_arrivals,supply-302,,SCHEDULED,"{""id"": ""supply-302"", ""depot_id"": ""depot-gazipur"", ""fuel_type"": ""PETROL"", ""quantity"": 10000.0, ""planned_tick"": 196, ""actual_tick"": null, ""status"": ""SCHEDULED""}"
0,supply_arrivals,supply-303,,SCHEDULED,"{""id"": ""supply-303"", ""depot_id"": ""depot-gazipur"", ""fuel_type"": ""OCTANE"", ""quantity"": 7000.0, ""planned_tick"": 200, ""actual_tick"": null, ""status"": ""SCHEDULED""}"
0,supply_arrivals,supply-304,,SCHEDULED,"{""id"": ""supply-304"", ""depot_id"": ""depot-patiya"", ""fuel_type"": ""DIESEL"", ""quantity"": 10000.0, ""planned_tick"": 204, ""actual_tick"": null, ""status"": ""SCHEDULED""}"
0,supply_arrivals,supply-305,,SCHEDULED,"{""id"": ""supply-305"", ""depot_id"": ""depot-patiya"", ""fuel_type"": ""PETROL"", ""quantity"": 8000.0, ""planned_tick"": 208, ""actual_tick"": null, ""status"": ""SCHEDULED""}"
0,supply_arrivals,supply-306,,SCHEDULED,"{""id"": ""supply-306"", ""depot_id"": ""depot-patiya"", ""fuel_type"": ""OCTANE"", ""quantity"": 6000.0, ""planned_tick"": 212, ""actual_tick"": null, ""status"": ""SCHEDULED""}"
13,supply_arrivals,supply-001,SCHEDULED,ARRIVED,"{""id"": ""supply-001"", ""depot_id"": ""depot-gazipur"", ""fuel_type"": ""DIESEL"", ""quantity"": 18000.0, ""planned_tick"": 12, ""actual_tick"": 12, ""status"": ""ARRIVED""}"
15,supply_arrivals,supply-003,SCHEDULED,ARRIVED,"{""id"": ""supply-003"", ""depot_id"": ""depot-patiya"", ""fuel_type"": ""DIESEL"", ""quantity"": 16000.0, ""planned_tick"": 14, ""actual_tick"": 14, ""status"": ""ARRIVED""}"
17,supply_arrivals,supply-002,SCHEDULED,ARRIVED,"{""id"": ""supply-002"", ""depot_id"": ""depot-gazipur"", ""fuel_type"": ""PETROL"", ""quantity"": 14000.0, ""planned_tick"": 16, ""actual_tick"": 16, ""status"": ""ARRIVED""}"
21,supply_arrivals,supply-004,SCHEDULED,ARRIVED,"{""id"": ""supply-004"", ""depot_id"": ""depot-patiya"", ""fuel_type"": ""OCTANE"", ""quantity"": 9000.0, ""planned_tick"": 20, ""actual_tick"": 20, ""status"": ""ARRIVED""}"
65,supply_arrivals,supply-101,SCHEDULED,ARRIVED,"{""id"": ""supply-101"", ""depot_id"": ""depot-gazipur"", ""fuel_type"": ""DIESEL"", ""quantity"": 12000.0, ""planned_tick"": 64, ""actual_tick"": 64, ""status"": ""ARRIVED""}"
69,supply_arrivals,supply-102,SCHEDULED,ARRIVED,"{""id"": ""supply-102"", ""depot_id"": ""depot-gazipur"", ""fuel_type"": ""PETROL"", ""quantity"": 10000.0, ""planned_tick"": 68, ""actual_tick"": 68, ""status"": ""ARRIVED""}"
73,supply_arrivals,supply-103,SCHEDULED,ARRIVED,"{""id"": ""supply-103"", ""depot_id"": ""depot-gazipur"", ""fuel_type"": ""OCTANE"", ""quantity"": 7000.0, ""planned_tick"": 72, ""actual_tick"": 72, ""status"": ""ARRIVED""}"
77,supply_arrivals,supply-104,SCHEDULED,ARRIVED,"{""id"": ""supply-104"", ""depot_id"": ""depot-patiya"", ""fuel_type"": ""DIESEL"", ""quantity"": 10000.0, ""planned_tick"": 76, ""actual_tick"": 76, ""status"": ""ARRIVED""}"
81,supply_arrivals,supply-105,SCHEDULED,ARRIVED,"{""id"": ""supply-105"", ""depot_id"": ""depot-patiya"", ""fuel_type"": ""PETROL"", ""quantity"": 8000.0, ""planned_tick"": 80, ""actual_tick"": 80, ""status"": ""ARRIVED""}"
85,supply_arrivals,supply-106,SCHEDULED,ARRIVED,"{""id"": ""supply-106"", ""depot_id"": ""depot-patiya"", ""fuel_type"": ""OCTANE"", ""quantity"": 6000.0, ""planned_tick"": 84, ""actual_tick"": 84, ""status"": ""ARRIVED""}"
129,supply_arrivals,supply-201,SCHEDULED,ARRIVED,"{""id"": ""supply-201"", ""depot_id"": ""depot-gazipur"", ""fuel_type"": ""DIESEL"", ""quantity"": 12000.0, ""planned_tick"": 128, ""actual_tick"": 128, ""status"": ""ARRIVED""}"
133,supply_arrivals,supply-202,SCHEDULED,ARRIVED,"{""id"": ""supply-202"", ""depot_id"": ""depot-gazipur"", ""fuel_type"": ""PETROL"", ""quantity"": 10000.0, ""planned_tick"": 132, ""actual_tick"": 132, ""status"": ""ARRIVED""}"
137,supply_arrivals,supply-203,SCHEDULED,ARRIVED,"{""id"": ""supply-203"", ""depot_id"": ""depot-gazipur"", ""fuel_type"": ""OCTANE"", ""quantity"": 7000.0, ""planned_tick"": 136, ""actual_tick"": 136, ""status"": ""ARRIVED""}"
141,supply_arrivals,supply-204,SCHEDULED,ARRIVED,"{""id"": ""supply-204"", ""depot_id"": ""depot-patiya"", ""fuel_type"": ""DIESEL"", ""quantity"": 10000.0, ""planned_tick"": 140, ""actual_tick"": 140, ""status"": ""ARRIVED""}"
145,supply_arrivals,supply-205,SCHEDULED,ARRIVED,"{""id"": ""supply-205"", ""depot_id"": ""depot-patiya"", ""fuel_type"": ""PETROL"", ""quantity"": 8000.0, ""planned_tick"": 144, ""actual_tick"": 144, ""status"": ""ARRIVED""}"
149,supply_arrivals,supply-206,SCHEDULED,ARRIVED,"{""id"": ""supply-206"", ""depot_id"": ""depot-patiya"", ""fuel_type"": ""OCTANE"", ""quantity"": 6000.0, ""planned_tick"": 148, ""actual_tick"": 148, ""status"": ""ARRIVED""}"
193,supply_arrivals,supply-301,SCHEDULED,ARRIVED,"{""id"": ""supply-301"", ""depot_id"": ""depot-gazipur"", ""fuel_type"": ""DIESEL"", ""quantity"": 12000.0, ""planned_tick"": 192, ""actual_tick"": 192, ""status"": ""ARRIVED""}"
197,supply_arrivals,supply-302,SCHEDULED,ARRIVED,"{""id"": ""supply-302"", ""depot_id"": ""depot-gazipur"", ""fuel_type"": ""PETROL"", ""quantity"": 10000.0, ""planned_tick"": 196, ""actual_tick"": 196, ""status"": ""ARRIVED""}"
201,supply_arrivals,supply-303,SCHEDULED,ARRIVED,"{""id"": ""supply-303"", ""depot_id"": ""depot-gazipur"", ""fuel_type"": ""OCTANE"", ""quantity"": 7000.0, ""planned_tick"": 200, ""actual_tick"": 200, ""status"": ""ARRIVED""}"
205,supply_arrivals,supply-304,SCHEDULED,ARRIVED,"{""id"": ""supply-304"", ""depot_id"": ""depot-patiya"", ""fuel_type"": ""DIESEL"", ""quantity"": 10000.0, ""planned_tick"": 204, ""actual_tick"": 204, ""status"": ""ARRIVED""}"
209,supply_arrivals,supply-305,SCHEDULED,ARRIVED,"{""id"": ""supply-305"", ""depot_id"": ""depot-patiya"", ""fuel_type"": ""PETROL"", ""quantity"": 8000.0, ""planned_tick"": 208, ""actual_tick"": 208, ""status"": ""ARRIVED""}"
213,supply_arrivals,supply-306,SCHEDULED,ARRIVED,"{""id"": ""supply-306"", ""depot_id"": ""depot-patiya"", ""fuel_type"": ""OCTANE"", ""quantity"": 6000.0, ""planned_tick"": 212, ""actual_tick"": 212, ""status"": ""ARRIVED""}"
