tick,sim_time,status,tick_minutes,scenario_id,seed,wall_time,stale
0,2026-01-01T00:00:00,PAUSED,15,baseline,12345,2026-09-29T03:53:04.497641+00:00,False
1,2026-01-01T00:15:00,PAUSED,15,baseline,12345,2026-09-29T03:53:04.622007+00:00,False
2,2026-01-01T00:30:00,PAUSED,15,baseline,12345,2026-09-29T03:53:04.730574+00:00,False
3,2026-01-01T00:45:00,PAUSED,15,baseline,12345,2026-09-29T03:53:04.819882+00:00,False
4,2026-01-01T01:00:00,PAUSED,15,baseline,12345,2026-09-29T03:53:04.912773+00:00,False
5,2026-01-01T01:15:00,PAUSED,15,baseline,12345,2026-09-29T03:53:04.992876+00:00,False
6,2026-01-01T01:30:00,PAUSED,15,baseline,12345,2026-09-29T03:53:05.073889+00:00,False
7,2026-01-01T01:45:00,PAUSED,15,baseline,12345,2026-09-29T03:53:05.161097+00:00,False
8,2026-01-01T02:00:00,PAUSED,15,baseline,12345,2026-09-29T03:53:05.252090+00:00,False
9,2026-01-01T02:15:00,PAUSED,15,baseline,12345,2026-09-29T03:53:05.333571+00:00,False
10,2026-01-01T02:30:00,PAUSED,15,baseline,12345,2026-09-29T03:53:05.419727+00:00,False
11,2026-01-01T02:45:00,PAUSED,15,baseline,12345,2026-09-29T03:53:05.505050+00:00,False
12,2026-01-01T03:00:00,PAUSED,15,baseline,12345,2026-09-29T03:53:05.587658+00:00,False
13,2026-01-01T03:15:00,PAUSED,15,baseline,12345,2026-09-29T03:53:05.671194+00:00,False
14,2026-01-01T03:30:00,PAUSED,15,baseline,12345,2026-09-29T03:53:05.759007+00:00,False
15,2026-01-01T03:45:00,PAUSED,15,baseline,12345,2026-09-29T03:53:05.840994+00:00,False
16,2026-01-01T04:00:00,PAUSED,15,baseline,12345,2026-09-29T03:53:05.928176+00:00,False
17,2026-01-01T04:15:00,PAUSED,15,baseline,12345,2026-09-29T03:53:06.015022+00:00,False
18,2026-01-01T04:30:00,PAUSED,15,baseline,12345,2026-09-29T03:53:06.097454+00:00,False
19,2026-01-01T04:45:00,PAUSED,15,baseline,12345,2026-09-29T03:53:06.177579+00:00,False
20,2026-01-01T05:00:00,PAUSED,15,baseline,12345,2026-09-29T03:53:06.269602+00:00,False
21,2026-01-01T05:15:00,PAUSED,15,baseline,12345,2026-09-29T03:53:06.357447+00:00,False
22,2026-01-01T05:30:00,PAUSED,15,baseline,12345,2026-09-29T03:53:06.444857+00:00,False
23,2026-01-01T05:45:00,PAUSED,15,baseline,12345,2026-09-29T03:53:06.527277+00:00,False
24,2026-01-01T06:00:00,PAUSED,15,baseline,12345,2026-09-29T03:53:06.611238+00:00,False
25,2026-01-01T06:15:00,PAUSED,15,baseline,12345,2026-09-29T03:53:06.692486+00:00,False
26,2026-01-01T06:30:00,PAUSED,15,baseline,12345,2026-09-29T03:53:06.775375+00:00,False
27,2026-01-01T06:45:00,PAUSED,15,baseline,12345,2026-09-29T03:53:06.856956+00:00,False
28,2026-01-01T07:00:00,PAUSED,15,baseline,12345,2026-09-29T03:53:06.938851+00:00,False
29,2026-01-01T07:15:00,PAUSED,15,baseline,12345,2026-09-29T03:53:07.024923+00:00,False
30,2026-01-01T07:30:00,PAUSED,15,baseline,12345,2026-09-29T03:53:07.106747+00:00,False
31,2026-01-01T07:45:00,PAUSED,15,baseline,12345,2026-09-29T03:53:07.189294+00:00,False
32,2026-01-01T08:00:00,PAUSED,15,baseline,12345,2026-09-29T03:53:07.279942+00:00,False
33,2026-01-01T08:15:00,PAUSED,15,baseline,12345,2026-09-29T03:53:07.366690+00:00,False
34,2026-01-01T08:30:00,PAUSED,15,baseline,12345,2026-09-29T03:53:07.487330+00:00,False
35,2026-01-01T08:45:00,PAUSED,15,baseline,12345,2026-09-29T03:53:07.569395+00:00,False
36,2026-01-01T09:00:00,PAUSED,15,baseline,12345,2026-09-29T03:53:07.652522+00:00,False
37,2026-01-01T09:15:00,PAUSED,15,baseline,12345,2026-09-29T03:53:07.734819+00:00,False
38,2026-01-01T09:30:00,PAUSED,15,baseline,12345,2026-09-29T03:53:07.820488+00:00,False
39,2026-01-01T09:45:00,PAUSED,15,baseline,12345,2026-09-29T03:53:07.903631+00:00,False
40,2026-01-01T10:00:00,PAUSED,15,baseline,12345,2026-09-29T03:53:07.991898+00:00,False
41,2026-01-01T10:15:00,PAUSED,15,baseline,12345,2026-09-29T03:53:08.073784+00:00,False
42,2026-01-01T10:30:00,PAUSED,15,baseline,12345,2026-09-29T03:53:08.158518+00:00,False
43,2026-01-01T10:45:00,PAUSED,15,baseline,12345,2026-09-29T03:53:08.242275+00:00,False
44,2026-01-01T11:00:00,PAUSED,15,baseline,12345,2026-09-29T03:53:08.329924+00:00,False
45,2026-01-01T11:15:00,PAUSED,15,baseline,12345,2026-09-29T03:53:08.410157+00:00,False
46,2026-01-01T11:30:00,PAUSED,15,baseline,12345,2026-09-29T03:53:08.492990+00:00,False
47,2026-01-01T11:45:00,PAUSED,15,baseline,12345,2026-09-29T03:53:08.577463+00:00,False
48,2026-01-01T12:00:00,PAUSED,15,baseline,12345,2026-09-29T03:53:08.657453+00:00,False
49,2026-01-01T12:15:00,PAUSED,15,baseline,12345,2026-09-29T03:53:08.733420+00:00,False
50,2026-01-01T12:30:00,PAUSED,15,baseline,12345,2026-09-29T03:53:08.813323+00:00,False
51,2026-01-01T12:45:00,PAUSED,15,baseline,12345,2026-09-29T03:53:08.891754+00:00,False
52,2026-01-01T13:00:00,PAUSED,15,baseline,12345,2026-09-29T03:53:08.971374+00:00,False
53,2026-01-01T13:15:00,PAUSED,15,baseline,12345,2026-09-29T03:53:09.051824+00:00,False
54,2026-01-01T13:30:00,PAUSED,15,baseline,12345,2026-09-29T03:53:09.137166+00:00,False
55,2026-01-01T13:45:00,PAUSED,15,baseline,12345,2026-09-29T03:53:09.230164+00:00,False
56,2026-01-01T14:00:00,PAUSED,15,baseline,12345,2026-09-29T03:53:09.334140+00:00,False
57,2026-01-01T14:15:00,PAUSED,15,baseline,12345,2026-09-29T03:53:09.418769+00:00,False
58,2026-01-01T14:30:00,PAUSED,15,baseline,12345,2026-09-29T03:53:09.506509+00:00,False
59,2026-01-01T14:45:00,PAUSED,15,baseline,12345,2026-09-29T03:53:09.588795+00:00,False
60,2026-01-01T15:00:00,PAUSED,15,baseline,12345,2026-09-29T03:53:09.674020+00:00,False
61,2026-01-01T15:15:00,PAUSED,15,baseline,12345,2026-09-29T03:53:09.760197+00:00,False
62,2026-01-01T15:30:00,PAUSED,15,baseline,12345,2026-09-29T03:53:09.847467+00:00,False
63,2026-01-01T15:45:00,PAUSED,15,baseline,12345,2026-09-29T03:53:09.929025+00:00,False
64,2026-01-01T16:00:00,PAUSED,15,baseline,12345,2026-09-29T03:53:10.013258+00:00,False
65,2026-01-01T16:15:00,PAUSED,15,baseline,12345,2026-09-29T03:53:10.098173+00:00,False
66,2026-01-01T16:30:00,PAUSED,15,baseline,12345,2026-09-29T03:53:10.183830+00:00,False
67,2026-01-01T16:45:00,PAUSED,15,baseline,12345,2026-09-29T03:53:10.270575+00:00,False
68,2026-01-01T17:00:00,PAUSED,15,baseline,12345,2026-09-29T03:53:10.356078+00:00,False
69,2026-01-01T17:15:00,PAUSED,15,baseline,12345,2026-09-29T03:53:10.435284+00:00,False
70,2026-01-01T17:30:00,PAUSED,15,baseline,12345,2026-09-29T03:53:10.516516+00:00,False
71,2026-01-01T17:45:00,PAUSED,15,baseline,12345,2026-09-29T03:53:10.592588+00:00,False
72,2026-01-01T18:00:00,PAUSED,15,baseline,12345,2026-09-29T03:53:10.672586+00:00,False
73,2026-01-01T18:15:00,PAUSED,15,baseline,12345,2026-09-29T03:53:10.756320+00:00,False
74,2026-01-01T18:30:00,PAUSED,15,baseline,12345,2026-09-29T03:53:10.846833+00:00,False
75,2026-01-01T18:45:00,PAUSED,15,baseline,12345,2026-09-29T03:53:10.933394+00:00,False
76,2026-01-01T19:00:00,PAUSED,15,baseline,12345,2026-09-29T03:53:11.018255+00:00,False
77,2026-01-01T19:15:00,PAUSED,15,baseline,12345,2026-09-29T03:53:11.102069+00:00,False
78,2026-01-01T19:30:00,PAUSED,15,baseline,12345,2026-09-29T03:53:11.181699+00:00,False
79,2026-01-01T19:45:00,PAUSED,15,baseline,12345,2026-09-29T03:53:11.259957+00:00,False
80,2026-01-01T20:00:00,PAUSED,15,baseline,12345,2026-09-29T03:53:11.340374+00:00,False
81,2026-01-01T20:15:00,PAUSED,15,baseline,12345,2026-09-29T03:53:11.421799+00:00,False
82,2026-01-01T20:30:00,PAUSED,15,baseline,12345,2026-09-29T03:53:11.503443+00:00,False
83,2026-01-01T20:45:00,PAUSED,15,baseline,12345,2026-09-29T03:53:11.586780+00:00,False
84,2026-01-01T21:00:00,PAUSED,15,baseline,12345,2026-09-29T03:53:11.663222+00:00,False
85,2026-01-01T21:15:00,PAUSED,15,baseline,12345,2026-09-29T03:53:11.747694+00:00,False
86,2026-01-01T21:30:00,PAUSED,15,baseline,12345,2026-09-29T03:53:11.830588+00:00,False
87,2026-01-01T21:45:00,PAUSED,15,baseline,12345,2026-09-29T03:53:11.912113+00:00,False
88,2026-01-01T22:00:00,PAUSED,15,baseline,12345,2026-09-29T03:53:11.987239+00:00,False
89,2026-01-01T22:15:00,PAUSED,15,baseline,12345,2026-09-29T03:53:12.067266+00:00,False
90,2026-01-01T22:30:00,PAUSED,15,baseline,12345,2026-09-29T03:53:12.142136+00:00,False
91,2026-01-01T22:45:00,PAUSED,15,baseline,12345,2026-09-29T03:53:12.224687+00:00,False
92,2026-01-01T23:00:00,PAUSED,15,baseline,12345,2026-09-29T03:53:12.305690+00:00,False
93,2026-01-01T23:15:00,PAUSED,15,baseline,12345,2026-09-29T03:53:12.390304+00:00,False
94,2026-01-01T23:30:00,PAUSED,15,baseline,12345,2026-09-29T03:53:12.505373+00:00,False
95,2026-01-01T23:45:00,PAUSED,15,baseline,12345,2026-09-29T03:53:12.589040+00:00,False
96,2026-01-02T00:00:00,PAUSED,15,baseline,12345,2026-09-29T03:53:12.687713+00:00,False
97,2026-01-02T00:15:00,PAUSED,15,baseline,12345,2026-09-29T03:53:12.768509+00:00,False
98,2026-01-02T00:30:00,PAUSED,15,baseline,12345,2026-09-29T03:53:12.858154+00:00,False
99,2026-01-02T00:45:00,PAUSED,15,baseline,12345,2026-09-29T03:53:12.938915+00:00,False
100,2026-01-02T01:00:00,PAUSED,15,baseline,12345,2026-09-29T03:53:13.021848+00:00,False
101,2026-01-02T01:15:00,PAUSED,15,baseline,12345,2026-09-29T03:53:13.102585+00:00,False
102,2026-01-02T01:30:00,PAUSED,15,baseline,12345,2026-09-29T03:53:13.196103+00:00,False
103,2026-01-02T01:45:00,PAUSED,15,baseline,12345,2026-09-29T03:53:13.293805+00:00,False
104,2026-01-02T02:00:00,PAUSED,15,baseline,12345,2026-09-29T03:53:13.377423+00:00,False
105,2026-01-02T02:15:00,PAUSED,15,baseline,12345,2026-09-29T03:53:13.463002+00:00,False
106,2026-01-02T02:30:00,PAUSED,15,baseline,12345,2026-09-29T03:53:13.547830+00:00,False
107,2026-01-02T02:45:00,PAUSED,15,baseline,12345,2026-09-29T03:53:13.634940+00:00,False
108,2026-01-02T03:00:00,PAUSED,15,baseline,12345,2026-09-29T03:53:13.721799+00:00,False
109,2026-01-02T03:15:00,PAUSED,15,baseline,12345,2026-09-29T03:53:13.811122+00:00,False
110,2026-01-02T03:30:00,PAUSED,15,baseline,12345,2026-09-29T03:53:13.893768+00:00,False
111,2026-01-02T03:45:00,PAUSED,15,baseline,12345,2026-09-29T03:53:13.978375+00:00,False
112,2026-01-02T04:00:00,PAUSED,15,baseline,12345,2026-09-29T03:53:14.060109+00:00,False
113,2026-01-02T04:15:00,PAUSED,15,baseline,12345,2026-09-29T03:53:14.149394+00:00,False
114,2026-01-02T04:30:00,PAUSED,15,baseline,12345,2026-09-29T03:53:14.231468+00:00,False
115,2026-01-02T04:45:00,PAUSED,15,baseline,12345,2026-09-29T03:53:14.317729+00:00,False
116,2026-01-02T05:00:00,PAUSED,15,baseline,12345,2026-09-29T03:53:14.396413+00:00,False
117,2026-01-02T05:15:00,PAUSED,15,baseline,12345,2026-09-29T03:53:14.486560+00:00,False
118,2026-01-02T05:30:00,PAUSED,15,baseline,12345,2026-09-29T03:53:14.573698+00:00,False
119,2026-01-02T05:45:00,PAUSED,15,baseline,12345,2026-09-29T03:53:14.655920+00:00,False
120,2026-01-02T06:00:00,PAUSED,15,baseline,12345,2026-09-29T03:53:14.736416+00:00,False
121,2026-01-02T06:15:00,PAUSED,15,baseline,12345,2026-09-29T03:53:14.819640+00:00,False
122,2026-01-02T06:30:00,PAUSED,15,baseline,12345,2026-09-29T03:53:14.907792+00:00,False
123,2026-01-02T06:45:00,PAUSED,15,baseline,12345,2026-09-29T03:53:14.988263+00:00,False
124,2026-01-02T07:00:00,PAUSED,15,baseline,12345,2026-09-29T03:53:15.089903+00:00,False
125,2026-01-02T07:15:00,PAUSED,15,baseline,12345,2026-09-29T03:53:15.217419+00:00,False
126,2026-01-02T07:30:00,PAUSED,15,baseline,12345,2026-09-29T03:53:15.341079+00:00,False
127,2026-01-02T07:45:00,PAUSED,15,baseline,12345,2026-09-29T03:53:15.451450+00:00,False
128,2026-01-02T08:00:00,PAUSED,15,baseline,12345,2026-09-29T03:53:15.564981+00:00,False
129,2026-01-02T08:15:00,PAUSED,15,baseline,12345,2026-09-29T03:53:15.668099+00:00,False
130,2026-01-02T08:30:00,PAUSED,15,baseline,12345,2026-09-29T03:53:15.748927+00:00,False
131,2026-01-02T08:45:00,PAUSED,15,baseline,12345,2026-09-29T03:53:15.830984+00:00,False
132,2026-01-02T09:00:00,PAUSED,15,baseline,12345,2026-09-29T03:53:15.911574+00:00,False
133,2026-01-02T09:15:00,PAUSED,15,baseline,12345,2026-09-29T03:53:16.004133+00:00,False
134,2026-01-02T09:30:00,PAUSED,15,baseline,12345,2026-09-29T03:53:16.093450+00:00,False
135,2026-01-02T09:45:00,PAUSED,15,baseline,12345,2026-09-29T03:53:16.184758+00:00,False
136,2026-01-02T10:00:00,PAUSED,15,baseline,12345,2026-09-29T03:53:16.287012+00:00,False
137,2026-01-02T10:15:00,PAUSED,15,baseline,12345,2026-09-29T03:53:16.378622+00:00,False
138,2026-01-02T10:30:00,PAUSED,15,baseline,12345,2026-09-29T03:53:16.468549+00:00,False
139,2026-01-02T10:45:00,PAUSED,15,baseline,12345,2026-09-29T03:53:16.555391+00:00,False
140,2026-01-02T11:00:00,PAUSED,15,baseline,12345,2026-09-29T03:53:16.646087+00:00,False
141,2026-01-02T11:15:00,PAUSED,15,baseline,12345,2026-09-29T03:53:16.762929+00:00,False
142,2026-01-02T11:30:00,PAUSED,15,baseline,12345,2026-09-29T03:53:16.862221+00:00,False
143,2026-01-02T11:45:00,PAUSED,15,baseline,12345,2026-09-29T03:53:16.946860+00:00,False
144,2026-01-02T12:00:00,PAUSED,15,baseline,12345,2026-09-29T03:53:17.031089+00:00,False
145,2026-01-02T12:15:00,PAUSED,15,baseline,12345,2026-09-29T03:53:17.113503+00:00,False
146,2026-01-02T12:30:00,PAUSED,15,baseline,12345,2026-09-29T03:53:17.197426+00:00,False
147,2026-01-02T12:45:00,PAUSED,15,baseline,12345,2026-09-29T03:53:17.289748+00:00,False
148,2026-01-02T13:00:00,PAUSED,15,baseline,12345,2026-09-29T03:53:17.381784+00:00,False
149,2026-01-02T13:15:00,PAUSED,15,baseline,12345,2026-09-29T03:53:17.468422+00:00,False
150,2026-01-02T13:30:00,PAUSED,15,baseline,12345,2026-09-29T03:53:17.558059+00:00,False
151,2026-01-02T13:45:00,PAUSED,15,baseline,12345,2026-09-29T03:53:17.650285+00:00,False
152,2026-01-02T14:00:00,PAUSED,15,baseline,12345,2026-09-29T03:53:17.740188+00:00,False
153,2026-01-02T14:15:00,PAUSED,15,baseline,12345,2026-09-29T03:53:17.829577+00:00,False
154,2026-01-02T14:30:00,PAUSED,15,baseline,12345,2026-09-29T03:53:17.913218+00:00,False
155,2026-01-02T14:45:00,PAUSED,15,baseline,12345,2026-09-29T03:53:18.000737+00:00,False
156,2026-01-02T15:00:00,PAUSED,15,baseline,12345,2026-09-29T03:53:18.096696+00:00,False
157,2026-01-02T15:15:00,PAUSED,15,baseline,12345,2026-09-29T03:53:18.233423+00:00,False
158,2026-01-02T15:30:00,PAUSED,15,baseline,12345,2026-09-29T03:53:18.323073+00:00,False
159,2026-01-02T15:45:00,PAUSED,15,baseline,12345,2026-09-29T03:53:18.416005+00:00,False
160,2026-01-02T16:00:00,PAUSED,15,baseline,12345,2026-09-29T03:53:18.505223+00:00,False
161,2026-01-02T16:15:00,PAUSED,15,baseline,12345,2026-09-29T03:53:18.596281+00:00,False
162,2026-01-02T16:30:00,PAUSED,15,baseline,12345,2026-09-29T03:53:18.683568+00:00,False
163,2026-01-02T16:45:00,PAUSED,15,baseline,12345,2026-09-29T03:53:18.773965+00:00,False
164,2026-01-02T17:00:00,PAUSED,15,baseline,12345,2026-09-29T03:53:18.854551+00:00,False
165,2026-01-02T17:15:00,PAUSED,15,baseline,12345,2026-09-29T03:53:18.936797+00:00,False
166,2026-01-02T17:30:00,PAUSED,15,baseline,12345,2026-09-29T03:53:19.020466+00:00,False
167,2026-01-02T17:45:00,PAUSED,15,baseline,12345,2026-09-29T03:53:19.107027+00:00,False
168,2026-01-02T18:00:00,PAUSED,15,baseline,12345,2026-09-29T03:53:19.190789+00:00,False
169,2026-01-02T18:15:00,PAUSED,15,baseline,12345,2026-09-29T03:53:19.281162+00:00,False
170,2026-01-02T18:30:00,PAUSED,15,baseline,12345,2026-09-29T03:53:19.368440+00:00,False
171,2026-01-02T18:45:00,PAUSED,15,baseline,12345,2026-09-29T03:53:19.453554+00:00,False
172,2026-01-02T19:00:00,PAUSED,15,baseline,12345,2026-09-29T03:53:19.530285+00:00,False
173,2026-01-02T19:15:00,PAUSED,15,baseline,12345,2026-09-29T03:53:19.612496+00:00,False
174,2026-01-02T19:30:00,PAUSED,15,baseline,12345,2026-09-29T03:53:19.687838+00:00,False
175,2026-01-02T19:45:00,PAUSED,15,baseline,12345,2026-09-29T03:53:19.766598+00:00,False
176,2026-01-02T20:00:00,PAUSED,15,baseline,12345,2026-09-29T03:53:19.845524+00:00,False
177,2026-01-02T20:15:00,PAUSED,15,baseline,12345,2026-09-29T03:53:19.930476+00:00,False
178,2026-01-02T20:30:00,PAUSED,15,baseline,12345,2026-09-29T03:53:20.008578+00:00,False
179,2026-01-02T20:45:00,PAUSED,15,baseline,12345,2026-09-29T03:53:20.088083+00:00,False
180,2026-01-02T21:00:00,PAUSED,15,baseline,12345,2026-09-29T03:53:20.164865+00:00,False
181,2026-01-02T21:15:00,PAUSED,15,baseline,12345,2026-09-29T03:53:20.248324+00:00,False
182,2026-01-02T21:30:00,PAUSED,15,baseline,12345,2026-09-29T03:53:20.326670+00:00,False
183,2026-01-02T21:45:00,PAUSED,15,baseline,12345,2026-09-29T03:53:20.406302+00:00,False
184,2026-01-02T22:00:00,PAUSED,15,baseline,12345,2026-09-29T03:53:20.484192+00:00,False
185,2026-01-02T22:15:00,PAUSED,15,baseline,12345,2026-09-29T03:53:20.563708+00:00,False
186,2026-01-02T22:30:00,PAUSED,15,baseline,12345,2026-09-29T03:53:20.651993+00:00,False
187,2026-01-02T22:45:00,PAUSED,15,baseline,12345,2026-09-29T03:53:20.742797+00:00,False
188,2026-01-02T23:00:00,PAUSED,15,baseline,12345,2026-09-29T03:53:20.825014+00:00,False
189,2026-01-02T23:15:00,PAUSED,15,baseline,12345,2026-09-29T03:53:20.914447+00:00,False
190,2026-01-02T23:30:00,PAUSED,15,baseline,12345,2026-09-29T03:53:21.002668+00:00,False
191,2026-01-02T23:45:00,PAUSED,15,baseline,12345,2026-09-29T03:53:21.090815+00:00,False
192,2026-01-03T00:00:00,PAUSED,15,baseline,12345,2026-09-29T03:53:21.176875+00:00,False
193,2026-01-03T00:15:00,PAUSED,15,baseline,12345,2026-09-29T03:53:21.275494+00:00,False
194,2026-01-03T00:30:00,PAUSED,15,baseline,12345,2026-09-29T03:53:21.369195+00:00,False
195,2026-01-03T00:45:00,PAUSED,15,baseline,12345,2026-09-29T03:53:21.462573+00:00,False
196,2026-01-03T01:00:00,PAUSED,15,baseline,12345,2026-09-29T03:53:21.549283+00:00,False
197,2026-01-03T01:15:00,PAUSED,15,baseline,12345,2026-09-29T03:53:21.640256+00:00,False
198,2026-01-03T01:30:00,PAUSED,15,baseline,12345,2026-09-29T03:53:21.722011+00:00,False
199,2026-01-03T01:45:00,PAUSED,15,baseline,12345,2026-09-29T03:53:21.811008+00:00,False
200,2026-01-03T02:00:00,PAUSED,15,baseline,12345,2026-09-29T03:53:21.900962+00:00,False
201,2026-01-03T02:15:00,PAUSED,15,baseline,12345,2026-09-29T03:53:21.985875+00:00,False
202,2026-01-03T02:30:00,PAUSED,15,baseline,12345,2026-09-29T03:53:22.068035+00:00,False
203,2026-01-03T02:45:00,PAUSED,15,baseline,12345,2026-09-29T03:53:22.151250+00:00,False
204,2026-01-03T03:00:00,PAUSED,15,baseline,12345,2026-09-29T03:53:22.238050+00:00,False
205,2026-01-03T03:15:00,PAUSED,15,baseline,12345,2026-09-29T03:53:22.325259+00:00,False
206,2026-01-03T03:30:00,PAUSED,15,baseline,12345,2026-09-29T03:53:22.404349+00:00,False
207,2026-01-03T03:45:00,PAUSED,15,baseline,12345,2026-09-29T03:53:22.490835+00:00,False
208,2026-01-03T04:00:00,PAUSED,15,baseline,12345,2026-09-29T03:53:22.570894+00:00,False
209,2026-01-03T04:15:00,PAUSED,15,baseline,12345,2026-09-29T03:53:22.654674+00:00,False
210,2026-01-03T04:30:00,PAUSED,15,baseline,12345,2026-09-29T03:53:22.732608+00:00,False
211,2026-01-03T04:45:00,PAUSED,15,baseline,12345,2026-09-29T03:53:22.815810+00:00,False
212,2026-01-03T05:00:00,PAUSED,15,baseline,12345,2026-09-29T03:53:22.894652+00:00,False
213,2026-01-03T05:15:00,PAUSED,15,baseline,12345,2026-09-29T03:53:22.982309+00:00,False
214,2026-01-03T05:30:00,PAUSED,15,baseline,12345,2026-09-29T03:53:23.067641+00:00,False
215,2026-01-03T05:45:00,PAUSED,15,baseline,12345,2026-09-29T03:53:23.159911+00:00,False
216,2026-01-03T06:00:00,PAUSED,15,baseline,12345,2026-09-29T03:53:23.248679+00:00,False
217,2026-01-03T06:15:00,PAUSED,15,baseline,12345,2026-09-29T03:53:23.330260+00:00,False
218,2026-01-03T06:30:00,PAUSED,15,baseline,12345,2026-09-29T03:53:23.409379+00:00,False
219,2026-01-03T06:45:00,PAUSED,15,baseline,12345,2026-09-29T03:53:23.491680+00:00,False
220,2026-01-03T07:00:00,PAUSED,15,baseline,12345,2026-09-29T03:53:23.569328+00:00,False
221,2026-01-03T07:15:00,PAUSED,15,baseline,12345,2026-09-29T03:53:23.681578+00:00,False
222,2026-01-03T07:30:00,PAUSED,15,baseline,12345,2026-09-29T03:53:23.770546+00:00,False
223,2026-01-03T07:45:00,PAUSED,15,baseline,12345,2026-09-29T03:53:23.854028+00:00,False
224,2026-01-03T08:00:00,PAUSED,15,baseline,12345,2026-09-29T03:53:23.934958+00:00,False
225,2026-01-03T08:15:00,PAUSED,15,baseline,12345,2026-09-29T03:53:24.052515+00:00,False
226,2026-01-03T08:30:00,PAUSED,15,baseline,12345,2026-09-29T03:53:24.133435+00:00,False
227,2026-01-03T08:45:00,PAUSED,15,baseline,12345,2026-09-29T03:53:24.211645+00:00,False
228,2026-01-03T09:00:00,PAUSED,15,baseline,12345,2026-09-29T03:53:24.295645+00:00,False
229,2026-01-03T09:15:00,PAUSED,15,baseline,12345,2026-09-29T03:53:24.371342+00:00,False
230,2026-01-03T09:30:00,PAUSED,15,baseline,12345,2026-09-29T03:53:24.450798+00:00,False
231,2026-01-03T09:45:00,PAUSED,15,baseline,12345,2026-09-29T03:53:24.533961+00:00,False
232,2026-01-03T10:00:00,PAUSED,15,baseline,12345,2026-09-29T03:53:24.632991+00:00,False
233,2026-01-03T10:15:00,PAUSED,15,baseline,12345,2026-09-29T03:53:24.713355+00:00,False
234,2026-01-03T10:30:00,PAUSED,15,baseline,12345,2026-09-29T03:53:24.793093+00:00,False
235,2026-01-03T10:45:00,PAUSED,15,baseline,12345,2026-09-29T03:53:24.869361+00:00,False
236,2026-01-03T11:00:00,PAUSED,15,baseline,12345,2026-09-29T03:53:24.946135+00:00,False
237,2026-01-03T11:15:00,PAUSED,15,baseline,12345,2026-09-29T03:53:25.027764+00:00,False
238,2026-01-03T11:30:00,PAUSED,15,baseline,12345,2026-09-29T03:53:25.107241+00:00,False
239,2026-01-03T11:45:00,PAUSED,15,baseline,12345,2026-09-29T03:53:25.186429+00:00,False
240,2026-01-03T12:00:00,PAUSED,15,baseline,12345,2026-09-29T03:53:25.273857+00:00,False
241,2026-01-03T12:15:00,PAUSED,15,baseline,12345,2026-09-29T03:53:25.355260+00:00,False
242,2026-01-03T12:30:00,PAUSED,15,baseline,12345,2026-09-29T03:53:25.431882+00:00,False
243,2026-01-03T12:45:00,PAUSED,15,baseline,12345,2026-09-29T03:53:25.508948+00:00,False
244,2026-01-03T13:00:00,PAUSED,15,baseline,12345,2026-09-29T03:53:25.589415+00:00,False
245,2026-01-03T13:15:00,PAUSED,15,baseline,12345,2026-09-29T03:53:25.673131+00:00,False
246,2026-01-03T13:30:00,PAUSED,15,baseline,12345,2026-09-29T03:53:25.756876+00:00,False
247,2026-01-03T13:45:00,PAUSED,15,baseline,12345,2026-09-29T03:53:25.838166+00:00,False
248,2026-01-03T14:00:00,PAUSED,15,baseline,12345,2026-09-29T03:53:25.922748+00:00,False
249,2026-01-03T14:15:00,PAUSED,15,baseline,12345,2026-09-29T03:53:26.003156+00:00,False
250,2026-01-03T14:30:00,PAUSED,15,baseline,12345,2026-09-29T03:53:26.085999+00:00,False
251,2026-01-03T14:45:00,PAUSED,15,baseline,12345,2026-09-29T03:53:26.164862+00:00,False
252,2026-01-03T15:00:00,PAUSED,15,baseline,12345,2026-09-29T03:53:26.243088+00:00,False
253,2026-01-03T15:15:00,PAUSED,15,baseline,12345,2026-09-29T03:53:26.323748+00:00,False
254,2026-01-03T15:30:00,PAUSED,15,baseline,12345,2026-09-29T03:53:26.404462+00:00,False
255,2026-01-03T15:45:00,PAUSED,15,baseline,12345,2026-09-29T03:53:26.482424+00:00,False
256,2026-01-03T16:00:00,PAUSED,15,baseline,12345,2026-09-29T03:53:26.563112+00:00,False
257,2026-01-03T16:15:00,PAUSED,15,baseline,12345,2026-09-29T03:53:26.655139+00:00,False
258,2026-01-03T16:30:00,PAUSED,15,baseline,12345,2026-09-29T03:53:26.742958+00:00,False
259,2026-01-03T16:45:00,PAUSED,15,baseline,12345,2026-09-29T03:53:26.823662+00:00,False
260,2026-01-03T17:00:00,PAUSED,15,baseline,12345,2026-09-29T03:53:26.905547+00:00,False
261,2026-01-03T17:15:00,PAUSED,15,baseline,12345,2026-09-29T03:53:26.989010+00:00,False
262,2026-01-03T17:30:00,PAUSED,15,baseline,12345,2026-09-29T03:53:27.077464+00:00,False
263,2026-01-03T17:45:00,PAUSED,15,baseline,12345,2026-09-29T03:53:27.160205+00:00,False
264,2026-01-03T18:00:00,PAUSED,15,baseline,12345,2026-09-29T03:53:27.244586+00:00,False
265,2026-01-03T18:15:00,PAUSED,15,baseline,12345,2026-09-29T03:53:27.325162+00:00,False
266,2026-01-03T18:30:00,PAUSED,15,baseline,12345,2026-09-29T03:53:27.409479+00:00,False
267,2026-01-03T18:45:00,PAUSED,15,baseline,12345,2026-09-29T03:53:27.492183+00:00,False
268,2026-01-03T19:00:00,PAUSED,15,baseline,12345,2026-09-29T03:53:27.578304+00:00,False
269,2026-01-03T19:15:00,PAUSED,15,baseline,12345,2026-09-29T03:53:27.660905+00:00,False
270,2026-01-03T19:30:00,PAUSED,15,baseline,12345,2026-09-29T03:53:27.741950+00:00,False
271,2026-01-03T19:45:00,PAUSED,15,baseline,12345,2026-09-29T03:53:27.822899+00:00,False
272,2026-01-03T20:00:00,PAUSED,15,baseline,12345,2026-09-29T03:53:27.909785+00:00,False
273,2026-01-03T20:15:00,PAUSED,15,baseline,12345,2026-09-29T03:53:27.999912+00:00,False
274,2026-01-03T20:30:00,PAUSED,15,baseline,12345,2026-09-29T03:53:28.087546+00:00,False
275,2026-01-03T20:45:00,PAUSED,15,baseline,12345,2026-09-29T03:53:28.167477+00:00,False
276,2026-01-03T21:00:00,PAUSED,15,baseline,12345,2026-09-29T03:53:28.252596+00:00,False
277,2026-01-03T21:15:00,PAUSED,15,baseline,12345,2026-09-29T03:53:28.332740+00:00,False
278,2026-01-03T21:30:00,PAUSED,15,baseline,12345,2026-09-29T03:53:28.415282+00:00,False
279,2026-01-03T21:45:00,PAUSED,15,baseline,12345,2026-09-29T03:53:28.494120+00:00,False
280,2026-01-03T22:00:00,PAUSED,15,baseline,12345,2026-09-29T03:53:28.576714+00:00,False
281,2026-01-03T22:15:00,PAUSED,15,baseline,12345,2026-09-29T03:53:28.658014+00:00,False
282,2026-01-03T22:30:00,PAUSED,15,baseline,12345,2026-09-29T03:53:28.753163+00:00,False
283,2026-01-03T22:45:00,PAUSED,15,baseline,12345,2026-09-29T03:53:28.842283+00:00,False
284,2026-01-03T23:00:00,PAUSED,15,baseline,12345,2026-09-29T03:53:28.937362+00:00,False
285,2026-01-03T23:15:00,PAUSED,15,baseline,12345,2026-09-29T03:53:29.024291+00:00,False
286,2026-01-03T23:30:00,PAUSED,15,baseline,12345,2026-09-29T03:53:29.112405+00:00,False
287,2026-01-03T23:45:00,PAUSED,15,baseline,12345,2026-09-29T03:53:29.241370+00:00,False
288,2026-01-04T00:00:00,PAUSED,15,baseline,12345,2026-09-29T03:53:29.328180+00:00,False
289,2026-01-04T00:15:00,PAUSED,15,baseline,12345,2026-09-29T03:53:29.419360+00:00,False
290,2026-01-04T00:30:00,PAUSED,15,baseline,12345,2026-09-29T03:53:29.506960+00:00,False
291,2026-01-04T00:45:00,PAUSED,15,baseline,12345,2026-09-29T03:53:29.597874+00:00,False
292,2026-01-04T01:00:00,PAUSED,15,baseline,12345,2026-09-29T03:53:29.685317+00:00,False
293,2026-01-04T01:15:00,PAUSED,15,baseline,12345,2026-09-29T03:53:29.775331+00:00,False
294,2026-01-04T01:30:00,PAUSED,15,baseline,12345,2026-09-29T03:53:29.860555+00:00,False
295,2026-01-04T01:45:00,PAUSED,15,baseline,12345,2026-09-29T03:53:29.949178+00:00,False
296,2026-01-04T02:00:00,PAUSED,15,baseline,12345,2026-09-29T03:53:30.037587+00:00,False
297,2026-01-04T02:15:00,PAUSED,15,baseline,12345,2026-09-29T03:53:30.126457+00:00,False
298,2026-01-04T02:30:00,PAUSED,15,baseline,12345,2026-09-29T03:53:30.209666+00:00,False
299,2026-01-04T02:45:00,PAUSED,15,baseline,12345,2026-09-29T03:53:30.304301+00:00,False
300,2026-01-04T03:00:00,PAUSED,15,baseline,12345,2026-09-29T03:53:30.393001+00:00,False
301,2026-01-04T03:15:00,PAUSED,15,baseline,12345,2026-09-29T03:53:30.487349+00:00,False
302,2026-01-04T03:30:00,PAUSED,15,baseline,12345,2026-09-29T03:53:30.579785+00:00,False
303,2026-01-04T03:45:00,PAUSED,15,baseline,12345,2026-09-29T03:53:30.669562+00:00,False
304,2026-01-04T04:00:00,PAUSED,15,baseline,12345,2026-09-29T03:53:30.751707+00:00,False
305,2026-01-04T04:15:00,PAUSED,15,baseline,12345,2026-09-29T03:53:30.840070+00:00,False
306,2026-01-04T04:30:00,PAUSED,15,baseline,12345,2026-09-29T03:53:30.925739+00:00,False
307,2026-01-04T04:45:00,PAUSED,15,baseline,12345,2026-09-29T03:53:31.017102+00:00,False
308,2026-01-04T05:00:00,PAUSED,15,baseline,12345,2026-09-29T03:53:31.107840+00:00,False
309,2026-01-04T05:15:00,PAUSED,15,baseline,12345,2026-09-29T03:53:31.211075+00:00,False
310,2026-01-04T05:30:00,PAUSED,15,baseline,12345,2026-09-29T03:53:31.307233+00:00,False
311,2026-01-04T05:45:00,PAUSED,15,baseline,12345,2026-09-29T03:53:31.385892+00:00,False
312,2026-01-04T06:00:00,PAUSED,15,baseline,12345,2026-09-29T03:53:31.467916+00:00,False
313,2026-01-04T06:15:00,PAUSED,15,baseline,12345,2026-09-29T03:53:31.550376+00:00,False
314,2026-01-04T06:30:00,PAUSED,15,baseline,12345,2026-09-29T03:53:31.635030+00:00,False
315,2026-01-04T06:45:00,PAUSED,15,baseline,12345,2026-09-29T03:53:31.717945+00:00,False
316,2026-01-04T07:00:00,PAUSED,15,baseline,12345,2026-09-29T03:53:31.803388+00:00,False
317,2026-01-04T07:15:00,PAUSED,15,baseline,12345,2026-09-29T03:53:31.887252+00:00,False
318,2026-01-04T07:30:00,PAUSED,15,baseline,12345,2026-09-29T03:53:31.975510+00:00,False
319,2026-01-04T07:45:00,PAUSED,15,baseline,12345,2026-09-29T03:53:32.062109+00:00,False
320,2026-01-04T08:00:00,PAUSED,15,baseline,12345,2026-09-29T03:53:32.151394+00:00,False
321,2026-01-04T08:15:00,PAUSED,15,baseline,12345,2026-09-29T03:53:32.238545+00:00,False
322,2026-01-04T08:30:00,PAUSED,15,baseline,12345,2026-09-29T03:53:32.326944+00:00,False
323,2026-01-04T08:45:00,PAUSED,15,baseline,12345,2026-09-29T03:53:32.411706+00:00,False
324,2026-01-04T09:00:00,PAUSED,15,baseline,12345,2026-09-29T03:53:32.499366+00:00,False
325,2026-01-04T09:15:00,PAUSED,15,baseline,12345,2026-09-29T03:53:32.582560+00:00,False
326,2026-01-04T09:30:00,PAUSED,15,baseline,12345,2026-09-29T03:53:32.671755+00:00,False
327,2026-01-04T09:45:00,PAUSED,15,baseline,12345,2026-09-29T03:53:32.758278+00:00,False
328,2026-01-04T10:00:00,PAUSED,15,baseline,12345,2026-09-29T03:53:32.847157+00:00,False
329,2026-01-04T10:15:00,PAUSED,15,baseline,12345,2026-09-29T03:53:32.932414+00:00,False
330,2026-01-04T10:30:00,PAUSED,15,baseline,12345,2026-09-29T03:53:33.019813+00:00,False
331,2026-01-04T10:45:00,PAUSED,15,baseline,12345,2026-09-29T03:53:33.107330+00:00,False
332,2026-01-04T11:00:00,PAUSED,15,baseline,12345,2026-09-29T03:53:33.203149+00:00,False
333,2026-01-04T11:15:00,PAUSED,15,baseline,12345,2026-09-29T03:53:33.323819+00:00,False
334,2026-01-04T11:30:00,PAUSED,15,baseline,12345,2026-09-29T03:53:33.407921+00:00,False
335,2026-01-04T11:45:00,PAUSED,15,baseline,12345,2026-09-29T03:53:33.496234+00:00,False
336,2026-01-04T12:00:00,PAUSED,15,baseline,12345,2026-09-29T03:53:33.589832+00:00,False
337,2026-01-04T12:15:00,PAUSED,15,baseline,12345,2026-09-29T03:53:33.678640+00:00,False
338,2026-01-04T12:30:00,PAUSED,15,baseline,12345,2026-09-29T03:53:33.772189+00:00,False
339,2026-01-04T12:45:00,PAUSED,15,baseline,12345,2026-09-29T03:53:33.863531+00:00,False
340,2026-01-04T13:00:00,PAUSED,15,baseline,12345,2026-09-29T03:53:33.952095+00:00,False
341,2026-01-04T13:15:00,PAUSED,15,baseline,12345,2026-09-29T03:53:34.039341+00:00,False
342,2026-01-04T13:30:00,PAUSED,15,baseline,12345,2026-09-29T03:53:34.132160+00:00,False
343,2026-01-04T13:45:00,PAUSED,15,baseline,12345,2026-09-29T03:53:34.249336+00:00,False
344,2026-01-04T14:00:00,PAUSED,15,baseline,12345,2026-09-29T03:53:34.327354+00:00,False
345,2026-01-04T14:15:00,PAUSED,15,baseline,12345,2026-09-29T03:53:34.409595+00:00,False
346,2026-01-04T14:30:00,PAUSED,15,baseline,12345,2026-09-29T03:53:34.486408+00:00,False
347,2026-01-04T14:45:00,PAUSED,15,baseline,12345,2026-09-29T03:53:34.571297+00:00,False
348,2026-01-04T15:00:00,PAUSED,15,baseline,12345,2026-09-29T03:53:34.649284+00:00,False
349,2026-01-04T15:15:00,PAUSED,15,baseline,12345,2026-09-29T03:53:34.733908+00:00,False
350,2026-01-04T15:30:00,PAUSED,15,baseline,12345,2026-09-29T03:53:34.812031+00:00,False
351,2026-01-04T15:45:00,PAUSED,15,baseline,12345,2026-09-29T03:53:34.894164+00:00,False
352,2026-01-04T16:00:00,PAUSED,15,baseline,12345,2026-09-29T03:53:34.974061+00:00,False
353,2026-01-04T16:15:00,PAUSED,15,baseline,12345,2026-09-29T03:53:35.055260+00:00,False
354,2026-01-04T16:30:00,PAUSED,15,baseline,12345,2026-09-29T03:53:35.134796+00:00,False
355,2026-01-04T16:45:00,PAUSED,15,baseline,12345,2026-09-29T03:53:35.220986+00:00,False
356,2026-01-04T17:00:00,PAUSED,15,baseline,12345,2026-09-29T03:53:35.300306+00:00,False
357,2026-01-04T17:15:00,PAUSED,15,baseline,12345,2026-09-29T03:53:35.382926+00:00,False
358,2026-01-04T17:30:00,PAUSED,15,baseline,12345,2026-09-29T03:53:35.463576+00:00,False
359,2026-01-04T17:45:00,PAUSED,15,baseline,12345,2026-09-29T03:53:35.545592+00:00,False
360,2026-01-04T18:00:00,PAUSED,15,baseline,12345,2026-09-29T03:53:35.624421+00:00,False
361,2026-01-04T18:15:00,PAUSED,15,baseline,12345,2026-09-29T03:53:35.708156+00:00,False
362,2026-01-04T18:30:00,PAUSED,15,baseline,12345,2026-09-29T03:53:35.789482+00:00,False
363,2026-01-04T18:45:00,PAUSED,15,baseline,12345,2026-09-29T03:53:35.872346+00:00,False
364,2026-01-04T19:00:00,PAUSED,15,baseline,12345,2026-09-29T03:53:35.951521+00:00,False
365,2026-01-04T19:15:00,PAUSED,15,baseline,12345,2026-09-29T03:53:36.033806+00:00,False
366,2026-01-04T19:30:00,PAUSED,15,baseline,12345,2026-09-29T03:53:36.110014+00:00,False
367,2026-01-04T19:45:00,PAUSED,15,baseline,12345,2026-09-29T03:53:36.193753+00:00,False
368,2026-01-04T20:00:00,PAUSED,15,baseline,12345,2026-09-29T03:53:36.276791+00:00,False
369,2026-01-04T20:15:00,PAUSED,15,baseline,12345,2026-09-29T03:53:36.358734+00:00,False
370,2026-01-04T20:30:00,PAUSED,15,baseline,12345,2026-09-29T03:53:36.438959+00:00,False
371,2026-01-04T20:45:00,PAUSED,15,baseline,12345,2026-09-29T03:53:36.521302+00:00,False
372,2026-01-04T21:00:00,PAUSED,15,baseline,12345,2026-09-29T03:53:36.599177+00:00,False
373,2026-01-04T21:15:00,PAUSED,15,baseline,12345,2026-09-29T03:53:36.681911+00:00,False
374,2026-01-04T21:30:00,PAUSED,15,baseline,12345,2026-09-29T03:53:36.762860+00:00,False
375,2026-01-04T21:45:00,PAUSED,15,baseline,12345,2026-09-29T03:53:36.845163+00:00,False
376,2026-01-04T22:00:00,PAUSED,15,baseline,12345,2026-09-29T03:53:36.924084+00:00,False
377,2026-01-04T22:15:00,PAUSED,15,baseline,12345,2026-09-29T03:53:37.007879+00:00,False
378,2026-01-04T22:30:00,PAUSED,15,baseline,12345,2026-09-29T03:53:37.088640+00:00,False
379,2026-01-04T22:45:00,PAUSED,15,baseline,12345,2026-09-29T03:53:37.170768+00:00,False
380,2026-01-04T23:00:00,PAUSED,15,baseline,12345,2026-09-29T03:53:37.259698+00:00,False
381,2026-01-04T23:15:00,PAUSED,15,baseline,12345,2026-09-29T03:53:37.344291+00:00,False
382,2026-01-04T23:30:00,PAUSED,15,baseline,12345,2026-09-29T03:53:37.426571+00:00,False
383,2026-01-04T23:45:00,PAUSED,15,baseline,12345,2026-09-29T03:53:37.510049+00:00,False
384,2026-01-05T00:00:00,PAUSED,15,baseline,12345,2026-09-29T03:53:37.591725+00:00,False
385,2026-01-05T00:15:00,PAUSED,15,baseline,12345,2026-09-29T03:53:37.680363+00:00,False
386,2026-01-05T00:30:00,PAUSED,15,baseline,12345,2026-09-29T03:53:37.765821+00:00,False
387,2026-01-05T00:45:00,PAUSED,15,baseline,12345,2026-09-29T03:53:37.854516+00:00,False
388,2026-01-05T01:00:00,PAUSED,15,baseline,12345,2026-09-29T03:53:37.939209+00:00,False
389,2026-01-05T01:15:00,PAUSED,15,baseline,12345,2026-09-29T03:53:38.028149+00:00,False
390,2026-01-05T01:30:00,PAUSED,15,baseline,12345,2026-09-29T03:53:38.114451+00:00,False
391,2026-01-05T01:45:00,PAUSED,15,baseline,12345,2026-09-29T03:53:38.204754+00:00,False
392,2026-01-05T02:00:00,PAUSED,15,baseline,12345,2026-09-29T03:53:38.294388+00:00,False
393,2026-01-05T02:15:00,PAUSED,15,baseline,12345,2026-09-29T03:53:38.383115+00:00,False
394,2026-01-05T02:30:00,PAUSED,15,baseline,12345,2026-09-29T03:53:38.468113+00:00,False
395,2026-01-05T02:45:00,PAUSED,15,baseline,12345,2026-09-29T03:53:38.556769+00:00,False
396,2026-01-05T03:00:00,PAUSED,15,baseline,12345,2026-09-29T03:53:38.638642+00:00,False
397,2026-01-05T03:15:00,PAUSED,15,baseline,12345,2026-09-29T03:53:38.729378+00:00,False
398,2026-01-05T03:30:00,PAUSED,15,baseline,12345,2026-09-29T03:53:38.815373+00:00,False
399,2026-01-05T03:45:00,PAUSED,15,baseline,12345,2026-09-29T03:53:38.902570+00:00,False
400,2026-01-05T04:00:00,PAUSED,15,baseline,12345,2026-09-29T03:53:38.989292+00:00,False
401,2026-01-05T04:15:00,PAUSED,15,baseline,12345,2026-09-29T03:53:39.074114+00:00,False
402,2026-01-05T04:30:00,PAUSED,15,baseline,12345,2026-09-29T03:53:39.162481+00:00,False
403,2026-01-05T04:45:00,PAUSED,15,baseline,12345,2026-09-29T03:53:39.250304+00:00,False
404,2026-01-05T05:00:00,PAUSED,15,baseline,12345,2026-09-29T03:53:39.339502+00:00,False
405,2026-01-05T05:15:00,PAUSED,15,baseline,12345,2026-09-29T03:53:39.463425+00:00,False
406,2026-01-05T05:30:00,PAUSED,15,baseline,12345,2026-09-29T03:53:39.545496+00:00,False
407,2026-01-05T05:45:00,PAUSED,15,baseline,12345,2026-09-29T03:53:39.629997+00:00,False
408,2026-01-05T06:00:00,PAUSED,15,baseline,12345,2026-09-29T03:53:39.711330+00:00,False
409,2026-01-05T06:15:00,PAUSED,15,baseline,12345,2026-09-29T03:53:39.798099+00:00,False
410,2026-01-05T06:30:00,PAUSED,15,baseline,12345,2026-09-29T03:53:39.880309+00:00,False
411,2026-01-05T06:45:00,PAUSED,15,baseline,12345,2026-09-29T03:53:39.964196+00:00,False
412,2026-01-05T07:00:00,PAUSED,15,baseline,12345,2026-09-29T03:53:40.046001+00:00,False
413,2026-01-05T07:15:00,PAUSED,15,baseline,12345,2026-09-29T03:53:40.130539+00:00,False
414,2026-01-05T07:30:00,PAUSED,15,baseline,12345,2026-09-29T03:53:40.213743+00:00,False
415,2026-01-05T07:45:00,PAUSED,15,baseline,12345,2026-09-29T03:53:40.302765+00:00,False
416,2026-01-05T08:00:00,PAUSED,15,baseline,12345,2026-09-29T03:53:40.391722+00:00,False
417,2026-01-05T08:15:00,PAUSED,15,baseline,12345,2026-09-29T03:53:40.492100+00:00,False
418,2026-01-05T08:30:00,PAUSED,15,baseline,12345,2026-09-29T03:53:40.591883+00:00,False
419,2026-01-05T08:45:00,PAUSED,15,baseline,12345,2026-09-29T03:53:40.677747+00:00,False
420,2026-01-05T09:00:00,PAUSED,15,baseline,12345,2026-09-29T03:53:40.766794+00:00,False
421,2026-01-05T09:15:00,PAUSED,15,baseline,12345,2026-09-29T03:53:40.852739+00:00,False
422,2026-01-05T09:30:00,PAUSED,15,baseline,12345,2026-09-29T03:53:40.942927+00:00,False
423,2026-01-05T09:45:00,PAUSED,15,baseline,12345,2026-09-29T03:53:41.027276+00:00,False
424,2026-01-05T10:00:00,PAUSED,15,baseline,12345,2026-09-29T03:53:41.118107+00:00,False
425,2026-01-05T10:15:00,PAUSED,15,baseline,12345,2026-09-29T03:53:41.200531+00:00,False
426,2026-01-05T10:30:00,PAUSED,15,baseline,12345,2026-09-29T03:53:41.291730+00:00,False
427,2026-01-05T10:45:00,PAUSED,15,baseline,12345,2026-09-29T03:53:41.376022+00:00,False
428,2026-01-05T11:00:00,PAUSED,15,baseline,12345,2026-09-29T03:53:41.488273+00:00,False
429,2026-01-05T11:15:00,PAUSED,15,baseline,12345,2026-09-29T03:53:41.579579+00:00,False
430,2026-01-05T11:30:00,PAUSED,15,baseline,12345,2026-09-29T03:53:41.668434+00:00,False
431,2026-01-05T11:45:00,PAUSED,15,baseline,12345,2026-09-29T03:53:41.752237+00:00,False
432,2026-01-05T12:00:00,PAUSED,15,baseline,12345,2026-09-29T03:53:41.841837+00:00,False
433,2026-01-05T12:15:00,PAUSED,15,baseline,12345,2026-09-29T03:53:41.927410+00:00,False
434,2026-01-05T12:30:00,PAUSED,15,baseline,12345,2026-09-29T03:53:42.018740+00:00,False
435,2026-01-05T12:45:00,PAUSED,15,baseline,12345,2026-09-29T03:53:42.104564+00:00,False
436,2026-01-05T13:00:00,PAUSED,15,baseline,12345,2026-09-29T03:53:42.225247+00:00,False
437,2026-01-05T13:15:00,PAUSED,15,baseline,12345,2026-09-29T03:53:42.315736+00:00,False
438,2026-01-05T13:30:00,PAUSED,15,baseline,12345,2026-09-29T03:53:42.407275+00:00,False
439,2026-01-05T13:45:00,PAUSED,15,baseline,12345,2026-09-29T03:53:42.493336+00:00,False
440,2026-01-05T14:00:00,PAUSED,15,baseline,12345,2026-09-29T03:53:42.586058+00:00,False
441,2026-01-05T14:15:00,PAUSED,15,baseline,12345,2026-09-29T03:53:42.673671+00:00,False
442,2026-01-05T14:30:00,PAUSED,15,baseline,12345,2026-09-29T03:53:42.762482+00:00,False
443,2026-01-05T14:45:00,PAUSED,15,baseline,12345,2026-09-29T03:53:42.849033+00:00,False
444,2026-01-05T15:00:00,PAUSED,15,baseline,12345,2026-09-29T03:53:42.936156+00:00,False
445,2026-01-05T15:15:00,PAUSED,15,baseline,12345,2026-09-29T03:53:43.015655+00:00,False
446,2026-01-05T15:30:00,PAUSED,15,baseline,12345,2026-09-29T03:53:43.098476+00:00,False
447,2026-01-05T15:45:00,PAUSED,15,baseline,12345,2026-09-29T03:53:43.178211+00:00,False
448,2026-01-05T16:00:00,PAUSED,15,baseline,12345,2026-09-29T03:53:43.266510+00:00,False
449,2026-01-05T16:15:00,PAUSED,15,baseline,12345,2026-09-29T03:53:43.358047+00:00,False
450,2026-01-05T16:30:00,PAUSED,15,baseline,12345,2026-09-29T03:53:43.437555+00:00,False
451,2026-01-05T16:45:00,PAUSED,15,baseline,12345,2026-09-29T03:53:43.522697+00:00,False
452,2026-01-05T17:00:00,PAUSED,15,baseline,12345,2026-09-29T03:53:43.605449+00:00,False
453,2026-01-05T17:15:00,PAUSED,15,baseline,12345,2026-09-29T03:53:43.692440+00:00,False
454,2026-01-05T17:30:00,PAUSED,15,baseline,12345,2026-09-29T03:53:43.775204+00:00,False
455,2026-01-05T17:45:00,PAUSED,15,baseline,12345,2026-09-29T03:53:43.858745+00:00,False
456,2026-01-05T18:00:00,PAUSED,15,baseline,12345,2026-09-29T03:53:43.948515+00:00,False
457,2026-01-05T18:15:00,PAUSED,15,baseline,12345,2026-09-29T03:53:44.035286+00:00,False
458,2026-01-05T18:30:00,PAUSED,15,baseline,12345,2026-09-29T03:53:44.120801+00:00,False
459,2026-01-05T18:45:00,PAUSED,15,baseline,12345,2026-09-29T03:53:44.203770+00:00,False
460,2026-01-05T19:00:00,PAUSED,15,baseline,12345,2026-09-29T03:53:44.293907+00:00,False
461,2026-01-05T19:15:00,PAUSED,15,baseline,12345,2026-09-29T03:53:44.374256+00:00,False
462,2026-01-05T19:30:00,PAUSED,15,baseline,12345,2026-09-29T03:53:44.489480+00:00,False
463,2026-01-05T19:45:00,PAUSED,15,baseline,12345,2026-09-29T03:53:44.567735+00:00,False
464,2026-01-05T20:00:00,PAUSED,15,baseline,12345,2026-09-29T03:53:44.652837+00:00,False
465,2026-01-05T20:15:00,PAUSED,15,baseline,12345,2026-09-29T03:53:44.732921+00:00,False
466,2026-01-05T20:30:00,PAUSED,15,baseline,12345,2026-09-29T03:53:44.814705+00:00,False
467,2026-01-05T20:45:00,PAUSED,15,baseline,12345,2026-09-29T03:53:44.895337+00:00,False
468,2026-01-05T21:00:00,PAUSED,15,baseline,12345,2026-09-29T03:53:44.977145+00:00,False
469,2026-01-05T21:15:00,PAUSED,15,baseline,12345,2026-09-29T03:53:45.060931+00:00,False
470,2026-01-05T21:30:00,PAUSED,15,baseline,12345,2026-09-29T03:53:45.146061+00:00,False
471,2026-01-05T21:45:00,PAUSED,15,baseline,12345,2026-09-29T03:53:45.226594+00:00,False
472,2026-01-05T22:00:00,PAUSED,15,baseline,12345,2026-09-29T03:53:45.310496+00:00,False
473,2026-01-05T22:15:00,PAUSED,15,baseline,12345,2026-09-29T03:53:45.391368+00:00,False
474,2026-01-05T22:30:00,PAUSED,15,baseline,12345,2026-09-29T03:53:45.477008+00:00,False
475,2026-01-05T22:45:00,PAUSED,15,baseline,12345,2026-09-29T03:53:45.557570+00:00,False
476,2026-01-05T23:00:00,PAUSED,15,baseline,12345,2026-09-29T03:53:45.659005+00:00,False
477,2026-01-05T23:15:00,PAUSED,15,baseline,12345,2026-09-29T03:53:45.739839+00:00,False
478,2026-01-05T23:30:00,PAUSED,15,baseline,12345,2026-09-29T03:53:45.820782+00:00,False
479,2026-01-05T23:45:00,PAUSED,15,baseline,12345,2026-09-29T03:53:45.898069+00:00,False
480,2026-01-06T00:00:00,PAUSED,15,baseline,12345,2026-09-29T03:53:45.980441+00:00,False
481,2026-01-06T00:15:00,PAUSED,15,baseline,12345,2026-09-29T03:53:46.059769+00:00,False
482,2026-01-06T00:30:00,PAUSED,15,baseline,12345,2026-09-29T03:53:46.142253+00:00,False
483,2026-01-06T00:45:00,PAUSED,15,baseline,12345,2026-09-29T03:53:46.221062+00:00,False
484,2026-01-06T01:00:00,PAUSED,15,baseline,12345,2026-09-29T03:53:46.306833+00:00,False
485,2026-01-06T01:15:00,PAUSED,15,baseline,12345,2026-09-29T03:53:46.388944+00:00,False
486,2026-01-06T01:30:00,PAUSED,15,baseline,12345,2026-09-29T03:53:46.475333+00:00,False
487,2026-01-06T01:45:00,PAUSED,15,baseline,12345,2026-09-29T03:53:46.555893+00:00,False
488,2026-01-06T02:00:00,PAUSED,15,baseline,12345,2026-09-29T03:53:46.637922+00:00,False
489,2026-01-06T02:15:00,PAUSED,15,baseline,12345,2026-09-29T03:53:46.718049+00:00,False
490,2026-01-06T02:30:00,PAUSED,15,baseline,12345,2026-09-29T03:53:46.800766+00:00,False
491,2026-01-06T02:45:00,PAUSED,15,baseline,12345,2026-09-29T03:53:46.879665+00:00,False
492,2026-01-06T03:00:00,PAUSED,15,baseline,12345,2026-09-29T03:53:46.965005+00:00,False
493,2026-01-06T03:15:00,PAUSED,15,baseline,12345,2026-09-29T03:53:47.045026+00:00,False
494,2026-01-06T03:30:00,PAUSED,15,baseline,12345,2026-09-29T03:53:47.125534+00:00,False
495,2026-01-06T03:45:00,PAUSED,15,baseline,12345,2026-09-29T03:53:47.207165+00:00,False
496,2026-01-06T04:00:00,PAUSED,15,baseline,12345,2026-09-29T03:53:47.289442+00:00,False
497,2026-01-06T04:15:00,PAUSED,15,baseline,12345,2026-09-29T03:53:47.373188+00:00,False
498,2026-01-06T04:30:00,PAUSED,15,baseline,12345,2026-09-29T03:53:47.454267+00:00,False
499,2026-01-06T04:45:00,PAUSED,15,baseline,12345,2026-09-29T03:53:47.535584+00:00,False
500,2026-01-06T05:00:00,PAUSED,15,baseline,12345,2026-09-29T03:53:47.614361+00:00,False
501,2026-01-06T05:15:00,PAUSED,15,baseline,12345,2026-09-29T03:53:47.696666+00:00,False
502,2026-01-06T05:30:00,PAUSED,15,baseline,12345,2026-09-29T03:53:47.776854+00:00,False
503,2026-01-06T05:45:00,PAUSED,15,baseline,12345,2026-09-29T03:53:47.859694+00:00,False
504,2026-01-06T06:00:00,PAUSED,15,baseline,12345,2026-09-29T03:53:47.938019+00:00,False
505,2026-01-06T06:15:00,PAUSED,15,baseline,12345,2026-09-29T03:53:48.018777+00:00,False
506,2026-01-06T06:30:00,PAUSED,15,baseline,12345,2026-09-29T03:53:48.098198+00:00,False
507,2026-01-06T06:45:00,PAUSED,15,baseline,12345,2026-09-29T03:53:48.181053+00:00,False
508,2026-01-06T07:00:00,PAUSED,15,baseline,12345,2026-09-29T03:53:48.259589+00:00,False
509,2026-01-06T07:15:00,PAUSED,15,baseline,12345,2026-09-29T03:53:48.343390+00:00,False
510,2026-01-06T07:30:00,PAUSED,15,baseline,12345,2026-09-29T03:53:48.425282+00:00,False
511,2026-01-06T07:45:00,PAUSED,15,baseline,12345,2026-09-29T03:53:48.510855+00:00,False
512,2026-01-06T08:00:00,PAUSED,15,baseline,12345,2026-09-29T03:53:48.593815+00:00,False
513,2026-01-06T08:15:00,PAUSED,15,baseline,12345,2026-09-29T03:53:48.680235+00:00,False
514,2026-01-06T08:30:00,PAUSED,15,baseline,12345,2026-09-29T03:53:48.761663+00:00,False
515,2026-01-06T08:45:00,PAUSED,15,baseline,12345,2026-09-29T03:53:48.847889+00:00,False
516,2026-01-06T09:00:00,PAUSED,15,baseline,12345,2026-09-29T03:53:48.927685+00:00,False
517,2026-01-06T09:15:00,PAUSED,15,baseline,12345,2026-09-29T03:53:49.011911+00:00,False
518,2026-01-06T09:30:00,PAUSED,15,baseline,12345,2026-09-29T03:53:49.102158+00:00,False
519,2026-01-06T09:45:00,PAUSED,15,baseline,12345,2026-09-29T03:53:49.188093+00:00,False
520,2026-01-06T10:00:00,PAUSED,15,baseline,12345,2026-09-29T03:53:49.272750+00:00,False
521,2026-01-06T10:15:00,PAUSED,15,baseline,12345,2026-09-29T03:53:49.357075+00:00,False
522,2026-01-06T10:30:00,PAUSED,15,baseline,12345,2026-09-29T03:53:49.439992+00:00,False
523,2026-01-06T10:45:00,PAUSED,15,baseline,12345,2026-09-29T03:53:49.521886+00:00,False
524,2026-01-06T11:00:00,PAUSED,15,baseline,12345,2026-09-29T03:53:49.604298+00:00,False
525,2026-01-06T11:15:00,PAUSED,15,baseline,12345,2026-09-29T03:53:49.690545+00:00,False
526,2026-01-06T11:30:00,PAUSED,15,baseline,12345,2026-09-29T03:53:49.775929+00:00,False
527,2026-01-06T11:45:00,PAUSED,15,baseline,12345,2026-09-29T03:53:49.859236+00:00,False
528,2026-01-06T12:00:00,PAUSED,15,baseline,12345,2026-09-29T03:53:49.937219+00:00,False
529,2026-01-06T12:15:00,PAUSED,15,baseline,12345,2026-09-29T03:53:50.015280+00:00,False
530,2026-01-06T12:30:00,PAUSED,15,baseline,12345,2026-09-29T03:53:50.102414+00:00,False
531,2026-01-06T12:45:00,PAUSED,15,baseline,12345,2026-09-29T03:53:50.220180+00:00,False
532,2026-01-06T13:00:00,PAUSED,15,baseline,12345,2026-09-29T03:53:50.304822+00:00,False
533,2026-01-06T13:15:00,PAUSED,15,baseline,12345,2026-09-29T03:53:50.391588+00:00,False
534,2026-01-06T13:30:00,PAUSED,15,baseline,12345,2026-09-29T03:53:50.473031+00:00,False
535,2026-01-06T13:45:00,PAUSED,15,baseline,12345,2026-09-29T03:53:50.556933+00:00,False
536,2026-01-06T14:00:00,PAUSED,15,baseline,12345,2026-09-29T03:53:50.640917+00:00,False
537,2026-01-06T14:15:00,PAUSED,15,baseline,12345,2026-09-29T03:53:50.727346+00:00,False
538,2026-01-06T14:30:00,PAUSED,15,baseline,12345,2026-09-29T03:53:50.807250+00:00,False
539,2026-01-06T14:45:00,PAUSED,15,baseline,12345,2026-09-29T03:53:50.892090+00:00,False
540,2026-01-06T15:00:00,PAUSED,15,baseline,12345,2026-09-29T03:53:50.974011+00:00,False
541,2026-01-06T15:15:00,PAUSED,15,baseline,12345,2026-09-29T03:53:51.062102+00:00,False
542,2026-01-06T15:30:00,PAUSED,15,baseline,12345,2026-09-29T03:53:51.151155+00:00,False
543,2026-01-06T15:45:00,PAUSED,15,baseline,12345,2026-09-29T03:53:51.243342+00:00,False
544,2026-01-06T16:00:00,PAUSED,15,baseline,12345,2026-09-29T03:53:51.330126+00:00,False
545,2026-01-06T16:15:00,PAUSED,15,baseline,12345,2026-09-29T03:53:51.420272+00:00,False
546,2026-01-06T16:30:00,PAUSED,15,baseline,12345,2026-09-29T03:53:51.510661+00:00,False
547,2026-01-06T16:45:00,PAUSED,15,baseline,12345,2026-09-29T03:53:51.599924+00:00,False
548,2026-01-06T17:00:00,PAUSED,15,baseline,12345,2026-09-29T03:53:51.687490+00:00,False
549,2026-01-06T17:15:00,PAUSED,15,baseline,12345,2026-09-29T03:53:51.776647+00:00,False
550,2026-01-06T17:30:00,PAUSED,15,baseline,12345,2026-09-29T03:53:51.861525+00:00,False
551,2026-01-06T17:45:00,PAUSED,15,baseline,12345,2026-09-29T03:53:51.946135+00:00,False
552,2026-01-06T18:00:00,PAUSED,15,baseline,12345,2026-09-29T03:53:52.030361+00:00,False
553,2026-01-06T18:15:00,PAUSED,15,baseline,12345,2026-09-29T03:53:52.113933+00:00,False
554,2026-01-06T18:30:00,PAUSED,15,baseline,12345,2026-09-29T03:53:52.195159+00:00,False
555,2026-01-06T18:45:00,PAUSED,15,baseline,12345,2026-09-29T03:53:52.307873+00:00,False
556,2026-01-06T19:00:00,PAUSED,15,baseline,12345,2026-09-29T03:53:52.394130+00:00,False
557,2026-01-06T19:15:00,PAUSED,15,baseline,12345,2026-09-29T03:53:52.474672+00:00,False
558,2026-01-06T19:30:00,PAUSED,15,baseline,12345,2026-09-29T03:53:52.557669+00:00,False
559,2026-01-06T19:45:00,PAUSED,15,baseline,12345,2026-09-29T03:53:52.639317+00:00,False
560,2026-01-06T20:00:00,PAUSED,15,baseline,12345,2026-09-29T03:53:52.722277+00:00,False
561,2026-01-06T20:15:00,PAUSED,15,baseline,12345,2026-09-29T03:53:52.802465+00:00,False
562,2026-01-06T20:30:00,PAUSED,15,baseline,12345,2026-09-29T03:53:53.119792+00:00,False
563,2026-01-06T20:45:00,PAUSED,15,baseline,12345,2026-09-29T03:53:53.203265+00:00,False
564,2026-01-06T21:00:00,PAUSED,15,baseline,12345,2026-09-29T03:53:53.287010+00:00,False
565,2026-01-06T21:15:00,PAUSED,15,baseline,12345,2026-09-29T03:53:53.365570+00:00,False
566,2026-01-06T21:30:00,PAUSED,15,baseline,12345,2026-09-29T03:53:53.449751+00:00,False
567,2026-01-06T21:45:00,PAUSED,15,baseline,12345,2026-09-29T03:53:53.531589+00:00,False
568,2026-01-06T22:00:00,PAUSED,15,baseline,12345,2026-09-29T03:53:53.613804+00:00,False
569,2026-01-06T22:15:00,PAUSED,15,baseline,12345,2026-09-29T03:53:53.693127+00:00,False
570,2026-01-06T22:30:00,PAUSED,15,baseline,12345,2026-09-29T03:53:53.778283+00:00,False
571,2026-01-06T22:45:00,PAUSED,15,baseline,12345,2026-09-29T03:53:53.859124+00:00,False
572,2026-01-06T23:00:00,PAUSED,15,baseline,12345,2026-09-29T03:53:53.941985+00:00,False
573,2026-01-06T23:15:00,PAUSED,15,baseline,12345,2026-09-29T03:53:54.022889+00:00,False
574,2026-01-06T23:30:00,PAUSED,15,baseline,12345,2026-09-29T03:53:54.106074+00:00,False
575,2026-01-06T23:45:00,PAUSED,15,baseline,12345,2026-09-29T03:53:54.186944+00:00,False
576,2026-01-07T00:00:00,PAUSED,15,baseline,12345,2026-09-29T03:53:54.269706+00:00,False
577,2026-01-07T00:15:00,PAUSED,15,baseline,12345,2026-09-29T03:53:54.352024+00:00,False
578,2026-01-07T00:30:00,PAUSED,15,baseline,12345,2026-09-29T03:53:54.436146+00:00,False
579,2026-01-07T00:45:00,PAUSED,15,baseline,12345,2026-09-29T03:53:54.517780+00:00,False
580,2026-01-07T01:00:00,PAUSED,15,baseline,12345,2026-09-29T03:53:54.609064+00:00,False
581,2026-01-07T01:15:00,PAUSED,15,baseline,12345,2026-09-29T03:53:54.697511+00:00,False
582,2026-01-07T01:30:00,PAUSED,15,baseline,12345,2026-09-29T03:53:54.789215+00:00,False
583,2026-01-07T01:45:00,PAUSED,15,baseline,12345,2026-09-29T03:53:54.876986+00:00,False
584,2026-01-07T02:00:00,PAUSED,15,baseline,12345,2026-09-29T03:53:54.965842+00:00,False
585,2026-01-07T02:15:00,PAUSED,15,baseline,12345,2026-09-29T03:53:55.054394+00:00,False
586,2026-01-07T02:30:00,PAUSED,15,baseline,12345,2026-09-29T03:53:55.134030+00:00,False
587,2026-01-07T02:45:00,PAUSED,15,baseline,12345,2026-09-29T03:53:55.213372+00:00,False
588,2026-01-07T03:00:00,PAUSED,15,baseline,12345,2026-09-29T03:53:55.295346+00:00,False
589,2026-01-07T03:15:00,PAUSED,15,baseline,12345,2026-09-29T03:53:55.376831+00:00,False
590,2026-01-07T03:30:00,PAUSED,15,baseline,12345,2026-09-29T03:53:55.458044+00:00,False
591,2026-01-07T03:45:00,PAUSED,15,baseline,12345,2026-09-29T03:53:55.537840+00:00,False
592,2026-01-07T04:00:00,PAUSED,15,baseline,12345,2026-09-29T03:53:55.619086+00:00,False
593,2026-01-07T04:15:00,PAUSED,15,baseline,12345,2026-09-29T03:53:55.694221+00:00,False
594,2026-01-07T04:30:00,PAUSED,15,baseline,12345,2026-09-29T03:53:55.775462+00:00,False
595,2026-01-07T04:45:00,PAUSED,15,baseline,12345,2026-09-29T03:53:55.855641+00:00,False
596,2026-01-07T05:00:00,PAUSED,15,baseline,12345,2026-09-29T03:53:56.003267+00:00,False
597,2026-01-07T05:15:00,PAUSED,15,baseline,12345,2026-09-29T03:53:56.081131+00:00,False
598,2026-01-07T05:30:00,PAUSED,15,baseline,12345,2026-09-29T03:53:56.165865+00:00,False
599,2026-01-07T05:45:00,PAUSED,15,baseline,12345,2026-09-29T03:53:56.246694+00:00,False
600,2026-01-07T06:00:00,PAUSED,15,baseline,12345,2026-09-29T03:53:56.332976+00:00,False
601,2026-01-07T06:15:00,PAUSED,15,baseline,12345,2026-09-29T03:53:56.413487+00:00,False
602,2026-01-07T06:30:00,PAUSED,15,baseline,12345,2026-09-29T03:53:56.497135+00:00,False
603,2026-01-07T06:45:00,PAUSED,15,baseline,12345,2026-09-29T03:53:56.579188+00:00,False
604,2026-01-07T07:00:00,PAUSED,15,baseline,12345,2026-09-29T03:53:56.663050+00:00,False
605,2026-01-07T07:15:00,PAUSED,15,baseline,12345,2026-09-29T03:53:56.743967+00:00,False
606,2026-01-07T07:30:00,PAUSED,15,baseline,12345,2026-09-29T03:53:56.825841+00:00,False
607,2026-01-07T07:45:00,PAUSED,15,baseline,12345,2026-09-29T03:53:56.909396+00:00,False
608,2026-01-07T08:00:00,PAUSED,15,baseline,12345,2026-09-29T03:53:56.989815+00:00,False
609,2026-01-07T08:15:00,PAUSED,15,baseline,12345,2026-09-29T03:53:57.087603+00:00,False
610,2026-01-07T08:30:00,PAUSED,15,baseline,12345,2026-09-29T03:53:57.167527+00:00,False
611,2026-01-07T08:45:00,PAUSED,15,baseline,12345,2026-09-29T03:53:57.250499+00:00,False
612,2026-01-07T09:00:00,PAUSED,15,baseline,12345,2026-09-29T03:53:57.332537+00:00,False
613,2026-01-07T09:15:00,PAUSED,15,baseline,12345,2026-09-29T03:53:57.425974+00:00,False
614,2026-01-07T09:30:00,PAUSED,15,baseline,12345,2026-09-29T03:53:57.524879+00:00,False
615,2026-01-07T09:45:00,PAUSED,15,baseline,12345,2026-09-29T03:53:57.608749+00:00,False
616,2026-01-07T10:00:00,PAUSED,15,baseline,12345,2026-09-29T03:53:57.699089+00:00,False
617,2026-01-07T10:15:00,PAUSED,15,baseline,12345,2026-09-29T03:53:57.779179+00:00,False
618,2026-01-07T10:30:00,PAUSED,15,baseline,12345,2026-09-29T03:53:57.863390+00:00,False
619,2026-01-07T10:45:00,PAUSED,15,baseline,12345,2026-09-29T03:53:57.943229+00:00,False
620,2026-01-07T11:00:00,PAUSED,15,baseline,12345,2026-09-29T03:53:58.028687+00:00,False
621,2026-01-07T11:15:00,PAUSED,15,baseline,12345,2026-09-29T03:53:58.110469+00:00,False
622,2026-01-07T11:30:00,PAUSED,15,baseline,12345,2026-09-29T03:53:58.191609+00:00,False
623,2026-01-07T11:45:00,PAUSED,15,baseline,12345,2026-09-29T03:53:58.280884+00:00,False
624,2026-01-07T12:00:00,PAUSED,15,baseline,12345,2026-09-29T03:53:58.369626+00:00,False
625,2026-01-07T12:15:00,PAUSED,15,baseline,12345,2026-09-29T03:53:58.454613+00:00,False
626,2026-01-07T12:30:00,PAUSED,15,baseline,12345,2026-09-29T03:53:58.542705+00:00,False
627,2026-01-07T12:45:00,PAUSED,15,baseline,12345,2026-09-29T03:53:58.629199+00:00,False
628,2026-01-07T13:00:00,PAUSED,15,baseline,12345,2026-09-29T03:53:58.718096+00:00,False
629,2026-01-07T13:15:00,PAUSED,15,baseline,12345,2026-09-29T03:53:58.802188+00:00,False
630,2026-01-07T13:30:00,PAUSED,15,baseline,12345,2026-09-29T03:53:58.892609+00:00,False
631,2026-01-07T13:45:00,PAUSED,15,baseline,12345,2026-09-29T03:53:58.975373+00:00,False
632,2026-01-07T14:00:00,PAUSED,15,baseline,12345,2026-09-29T03:53:59.063285+00:00,False
633,2026-01-07T14:15:00,PAUSED,15,baseline,12345,2026-09-29T03:53:59.149415+00:00,False
634,2026-01-07T14:30:00,PAUSED,15,baseline,12345,2026-09-29T03:53:59.235709+00:00,False
635,2026-01-07T14:45:00,PAUSED,15,baseline,12345,2026-09-29T03:53:59.326455+00:00,False
636,2026-01-07T15:00:00,PAUSED,15,baseline,12345,2026-09-29T03:53:59.410415+00:00,False
637,2026-01-07T15:15:00,PAUSED,15,baseline,12345,2026-09-29T03:53:59.501842+00:00,False
638,2026-01-07T15:30:00,PAUSED,15,baseline,12345,2026-09-29T03:53:59.609857+00:00,False
639,2026-01-07T15:45:00,PAUSED,15,baseline,12345,2026-09-29T03:53:59.688953+00:00,False
640,2026-01-07T16:00:00,PAUSED,15,baseline,12345,2026-09-29T03:53:59.774331+00:00,False
641,2026-01-07T16:15:00,PAUSED,15,baseline,12345,2026-09-29T03:53:59.855829+00:00,False
642,2026-01-07T16:30:00,PAUSED,15,baseline,12345,2026-09-29T03:53:59.937322+00:00,False
643,2026-01-07T16:45:00,PAUSED,15,baseline,12345,2026-09-29T03:54:00.016967+00:00,False
644,2026-01-07T17:00:00,PAUSED,15,baseline,12345,2026-09-29T03:54:00.101044+00:00,False
645,2026-01-07T17:15:00,PAUSED,15,baseline,12345,2026-09-29T03:54:00.180305+00:00,False
646,2026-01-07T17:30:00,PAUSED,15,baseline,12345,2026-09-29T03:54:00.269887+00:00,False
647,2026-01-07T17:45:00,PAUSED,15,baseline,12345,2026-09-29T03:54:00.361767+00:00,False
648,2026-01-07T18:00:00,PAUSED,15,baseline,12345,2026-09-29T03:54:00.451681+00:00,False
649,2026-01-07T18:15:00,PAUSED,15,baseline,12345,2026-09-29T03:54:00.544524+00:00,False
650,2026-01-07T18:30:00,PAUSED,15,baseline,12345,2026-09-29T03:54:00.625563+00:00,False
651,2026-01-07T18:45:00,PAUSED,15,baseline,12345,2026-09-29T03:54:00.710890+00:00,False
652,2026-01-07T19:00:00,PAUSED,15,baseline,12345,2026-09-29T03:54:00.790229+00:00,False
653,2026-01-07T19:15:00,PAUSED,15,baseline,12345,2026-09-29T03:54:00.874242+00:00,False
654,2026-01-07T19:30:00,PAUSED,15,baseline,12345,2026-09-29T03:54:00.954126+00:00,False
655,2026-01-07T19:45:00,PAUSED,15,baseline,12345,2026-09-29T03:54:01.036753+00:00,False
656,2026-01-07T20:00:00,PAUSED,15,baseline,12345,2026-09-29T03:54:01.124376+00:00,False
657,2026-01-07T20:15:00,PAUSED,15,baseline,12345,2026-09-29T03:54:01.214041+00:00,False
658,2026-01-07T20:30:00,PAUSED,15,baseline,12345,2026-09-29T03:54:01.298751+00:00,False
659,2026-01-07T20:45:00,PAUSED,15,baseline,12345,2026-09-29T03:54:01.383996+00:00,False
660,2026-01-07T21:00:00,PAUSED,15,baseline,12345,2026-09-29T03:54:01.466524+00:00,False
661,2026-01-07T21:15:00,PAUSED,15,baseline,12345,2026-09-29T03:54:01.550584+00:00,False
662,2026-01-07T21:30:00,PAUSED,15,baseline,12345,2026-09-29T03:54:01.636994+00:00,False
663,2026-01-07T21:45:00,PAUSED,15,baseline,12345,2026-09-29T03:54:01.737209+00:00,False
664,2026-01-07T22:00:00,PAUSED,15,baseline,12345,2026-09-29T03:54:01.885277+00:00,False
665,2026-01-07T22:15:00,PAUSED,15,baseline,12345,2026-09-29T03:54:01.968510+00:00,False
666,2026-01-07T22:30:00,PAUSED,15,baseline,12345,2026-09-29T03:54:02.053857+00:00,False
667,2026-01-07T22:45:00,PAUSED,15,baseline,12345,2026-09-29T03:54:02.135869+00:00,False
668,2026-01-07T23:00:00,PAUSED,15,baseline,12345,2026-09-29T03:54:02.221418+00:00,False
669,2026-01-07T23:15:00,PAUSED,15,baseline,12345,2026-09-29T03:54:02.304283+00:00,False
670,2026-01-07T23:30:00,PAUSED,15,baseline,12345,2026-09-29T03:54:02.390302+00:00,False
671,2026-01-07T23:45:00,PAUSED,15,baseline,12345,2026-09-29T03:54:02.476182+00:00,False
672,2026-01-08T00:00:00,PAUSED,15,baseline,12345,2026-09-29T03:54:02.557317+00:00,False
673,2026-01-08T00:15:00,PAUSED,15,baseline,12345,2026-09-29T03:54:02.641129+00:00,False
674,2026-01-08T00:30:00,PAUSED,15,baseline,12345,2026-09-29T03:54:02.728171+00:00,False
675,2026-01-08T00:45:00,PAUSED,15,baseline,12345,2026-09-29T03:54:02.818423+00:00,False
676,2026-01-08T01:00:00,PAUSED,15,baseline,12345,2026-09-29T03:54:02.909984+00:00,False
677,2026-01-08T01:15:00,PAUSED,15,baseline,12345,2026-09-29T03:54:02.997538+00:00,False
678,2026-01-08T01:30:00,PAUSED,15,baseline,12345,2026-09-29T03:54:03.105573+00:00,False
679,2026-01-08T01:45:00,PAUSED,15,baseline,12345,2026-09-29T03:54:03.185486+00:00,False
680,2026-01-08T02:00:00,PAUSED,15,baseline,12345,2026-09-29T03:54:03.279599+00:00,False
681,2026-01-08T02:15:00,PAUSED,15,baseline,12345,2026-09-29T03:54:03.373119+00:00,False
682,2026-01-08T02:30:00,PAUSED,15,baseline,12345,2026-09-29T03:54:03.468687+00:00,False
683,2026-01-08T02:45:00,PAUSED,15,baseline,12345,2026-09-29T03:54:03.576858+00:00,False
684,2026-01-08T03:00:00,PAUSED,15,baseline,12345,2026-09-29T03:54:03.694204+00:00,False
685,2026-01-08T03:15:00,PAUSED,15,baseline,12345,2026-09-29T03:54:03.788040+00:00,False
686,2026-01-08T03:30:00,PAUSED,15,baseline,12345,2026-09-29T03:54:03.871589+00:00,False
687,2026-01-08T03:45:00,PAUSED,15,baseline,12345,2026-09-29T03:54:03.954233+00:00,False
688,2026-01-08T04:00:00,PAUSED,15,baseline,12345,2026-09-29T03:54:04.039091+00:00,False
689,2026-01-08T04:15:00,PAUSED,15,baseline,12345,2026-09-29T03:54:04.118434+00:00,False
690,2026-01-08T04:30:00,PAUSED,15,baseline,12345,2026-09-29T03:54:04.203904+00:00,False
691,2026-01-08T04:45:00,PAUSED,15,baseline,12345,2026-09-29T03:54:04.311594+00:00,False
692,2026-01-08T05:00:00,PAUSED,15,baseline,12345,2026-09-29T03:54:04.396657+00:00,False
693,2026-01-08T05:15:00,PAUSED,15,baseline,12345,2026-09-29T03:54:04.480637+00:00,False
694,2026-01-08T05:30:00,PAUSED,15,baseline,12345,2026-09-29T03:54:04.562558+00:00,False
695,2026-01-08T05:45:00,PAUSED,15,baseline,12345,2026-09-29T03:54:04.646692+00:00,False
696,2026-01-08T06:00:00,PAUSED,15,baseline,12345,2026-09-29T03:54:04.729177+00:00,False
697,2026-01-08T06:15:00,PAUSED,15,baseline,12345,2026-09-29T03:54:04.815695+00:00,False
698,2026-01-08T06:30:00,PAUSED,15,baseline,12345,2026-09-29T03:54:04.897366+00:00,False
699,2026-01-08T06:45:00,PAUSED,15,baseline,12345,2026-09-29T03:54:04.981060+00:00,False
700,2026-01-08T07:00:00,PAUSED,15,baseline,12345,2026-09-29T03:54:05.064268+00:00,False
701,2026-01-08T07:15:00,PAUSED,15,baseline,12345,2026-09-29T03:54:05.147577+00:00,False
702,2026-01-08T07:30:00,PAUSED,15,baseline,12345,2026-09-29T03:54:05.233420+00:00,False
703,2026-01-08T07:45:00,PAUSED,15,baseline,12345,2026-09-29T03:54:05.323425+00:00,False
704,2026-01-08T08:00:00,PAUSED,15,baseline,12345,2026-09-29T03:54:05.403044+00:00,False
705,2026-01-08T08:15:00,PAUSED,15,baseline,12345,2026-09-29T03:54:05.488064+00:00,False
706,2026-01-08T08:30:00,PAUSED,15,baseline,12345,2026-09-29T03:54:05.570976+00:00,False
707,2026-01-08T08:45:00,PAUSED,15,baseline,12345,2026-09-29T03:54:05.657403+00:00,False
708,2026-01-08T09:00:00,PAUSED,15,baseline,12345,2026-09-29T03:54:05.738596+00:00,False
709,2026-01-08T09:15:00,PAUSED,15,baseline,12345,2026-09-29T03:54:05.823552+00:00,False
710,2026-01-08T09:30:00,PAUSED,15,baseline,12345,2026-09-29T03:54:05.906754+00:00,False
711,2026-01-08T09:45:00,PAUSED,15,baseline,12345,2026-09-29T03:54:05.989453+00:00,False
712,2026-01-08T10:00:00,PAUSED,15,baseline,12345,2026-09-29T03:54:06.074797+00:00,False
713,2026-01-08T10:15:00,PAUSED,15,baseline,12345,2026-09-29T03:54:06.159520+00:00,False
714,2026-01-08T10:30:00,PAUSED,15,baseline,12345,2026-09-29T03:54:06.241151+00:00,False
715,2026-01-08T10:45:00,PAUSED,15,baseline,12345,2026-09-29T03:54:06.326038+00:00,False
716,2026-01-08T11:00:00,PAUSED,15,baseline,12345,2026-09-29T03:54:06.407041+00:00,False
717,2026-01-08T11:15:00,PAUSED,15,baseline,12345,2026-09-29T03:54:06.492938+00:00,False
718,2026-01-08T11:30:00,PAUSED,15,baseline,12345,2026-09-29T03:54:06.598425+00:00,False
719,2026-01-08T11:45:00,PAUSED,15,baseline,12345,2026-09-29T03:54:06.679507+00:00,False
720,2026-01-08T12:00:00,PAUSED,15,baseline,12345,2026-09-29T03:54:06.766933+00:00,False
721,2026-01-08T12:15:00,PAUSED,15,baseline,12345,2026-09-29T03:54:06.851303+00:00,False
722,2026-01-08T12:30:00,PAUSED,15,baseline,12345,2026-09-29T03:54:06.936839+00:00,False
723,2026-01-08T12:45:00,PAUSED,15,baseline,12345,2026-09-29T03:54:07.018320+00:00,False
724,2026-01-08T13:00:00,PAUSED,15,baseline,12345,2026-09-29T03:54:07.101395+00:00,False
725,2026-01-08T13:15:00,PAUSED,15,baseline,12345,2026-09-29T03:54:07.181325+00:00,False
726,2026-01-08T13:30:00,PAUSED,15,baseline,12345,2026-09-29T03:54:07.267898+00:00,False
727,2026-01-08T13:45:00,PAUSED,15,baseline,12345,2026-09-29T03:54:07.347772+00:00,False
728,2026-01-08T14:00:00,PAUSED,15,baseline,12345,2026-09-29T03:54:07.432990+00:00,False
729,2026-01-08T14:15:00,PAUSED,15,baseline,12345,2026-09-29T03:54:07.515924+00:00,False
730,2026-01-08T14:30:00,PAUSED,15,baseline,12345,2026-09-29T03:54:07.601668+00:00,False
731,2026-01-08T14:45:00,PAUSED,15,baseline,12345,2026-09-29T03:54:07.685119+00:00,False
732,2026-01-08T15:00:00,PAUSED,15,baseline,12345,2026-09-29T03:54:07.808451+00:00,False
733,2026-01-08T15:15:00,PAUSED,15,baseline,12345,2026-09-29T03:54:07.889627+00:00,False
734,2026-01-08T15:30:00,PAUSED,15,baseline,12345,2026-09-29T03:54:07.974978+00:00,False
735,2026-01-08T15:45:00,PAUSED,15,baseline,12345,2026-09-29T03:54:08.058150+00:00,False
736,2026-01-08T16:00:00,PAUSED,15,baseline,12345,2026-09-29T03:54:08.145183+00:00,False
737,2026-01-08T16:15:00,PAUSED,15,baseline,12345,2026-09-29T03:54:08.226378+00:00,False
738,2026-01-08T16:30:00,PAUSED,15,baseline,12345,2026-09-29T03:54:08.313741+00:00,False
739,2026-01-08T16:45:00,PAUSED,15,baseline,12345,2026-09-29T03:54:08.396572+00:00,False
740,2026-01-08T17:00:00,PAUSED,15,baseline,12345,2026-09-29T03:54:08.482637+00:00,False
741,2026-01-08T17:15:00,PAUSED,15,baseline,12345,2026-09-29T03:54:08.568960+00:00,False
742,2026-01-08T17:30:00,PAUSED,15,baseline,12345,2026-09-29T03:54:08.653076+00:00,False
743,2026-01-08T17:45:00,PAUSED,15,baseline,12345,2026-09-29T03:54:08.735273+00:00,False
744,2026-01-08T18:00:00,PAUSED,15,baseline,12345,2026-09-29T03:54:08.821894+00:00,False
745,2026-01-08T18:15:00,PAUSED,15,baseline,12345,2026-09-29T03:54:08.904885+00:00,False
746,2026-01-08T18:30:00,PAUSED,15,baseline,12345,2026-09-29T03:54:08.994045+00:00,False
747,2026-01-08T18:45:00,PAUSED,15,baseline,12345,2026-09-29T03:54:09.077466+00:00,False
748,2026-01-08T19:00:00,PAUSED,15,baseline,12345,2026-09-29T03:54:09.159784+00:00,False
749,2026-01-08T19:15:00,PAUSED,15,baseline,12345,2026-09-29T03:54:09.241133+00:00,False
750,2026-01-08T19:30:00,PAUSED,15,baseline,12345,2026-09-29T03:54:09.329882+00:00,False
751,2026-01-08T19:45:00,PAUSED,15,baseline,12345,2026-09-29T03:54:09.414050+00:00,False
752,2026-01-08T20:00:00,PAUSED,15,baseline,12345,2026-09-29T03:54:09.494961+00:00,False
753,2026-01-08T20:15:00,PAUSED,15,baseline,12345,2026-09-29T03:54:09.582079+00:00,False
754,2026-01-08T20:30:00,PAUSED,15,baseline,12345,2026-09-29T03:54:09.668744+00:00,False
755,2026-01-08T20:45:00,PAUSED,15,baseline,12345,2026-09-29T03:54:09.752015+00:00,False
756,2026-01-08T21:00:00,PAUSED,15,baseline,12345,2026-09-29T03:54:09.834015+00:00,False
757,2026-01-08T21:15:00,PAUSED,15,baseline,12345,2026-09-29T03:54:09.916200+00:00,False
758,2026-01-08T21:30:00,PAUSED,15,baseline,12345,2026-09-29T03:54:09.994989+00:00,False
759,2026-01-08T21:45:00,PAUSED,15,baseline,12345,2026-09-29T03:54:10.082699+00:00,False
760,2026-01-08T22:00:00,PAUSED,15,baseline,12345,2026-09-29T03:54:10.182142+00:00,False
761,2026-01-08T22:15:00,PAUSED,15,baseline,12345,2026-09-29T03:54:10.273335+00:00,False
762,2026-01-08T22:30:00,PAUSED,15,baseline,12345,2026-09-29T03:54:10.357993+00:00,False
763,2026-01-08T22:45:00,PAUSED,15,baseline,12345,2026-09-29T03:54:10.439656+00:00,False
764,2026-01-08T23:00:00,PAUSED,15,baseline,12345,2026-09-29T03:54:10.522022+00:00,False
765,2026-01-08T23:15:00,PAUSED,15,baseline,12345,2026-09-29T03:54:10.611151+00:00,False
766,2026-01-08T23:30:00,PAUSED,15,baseline,12345,2026-09-29T03:54:10.702132+00:00,False
767,2026-01-08T23:45:00,PAUSED,15,baseline,12345,2026-09-29T03:54:10.787433+00:00,False
768,2026-01-09T00:00:00,PAUSED,15,baseline,12345,2026-09-29T03:54:10.869837+00:00,False
769,2026-01-09T00:15:00,PAUSED,15,baseline,12345,2026-09-29T03:54:10.960962+00:00,False
770,2026-01-09T00:30:00,PAUSED,15,baseline,12345,2026-09-29T03:54:11.048843+00:00,False
771,2026-01-09T00:45:00,PAUSED,15,baseline,12345,2026-09-29T03:54:11.138875+00:00,False
772,2026-01-09T01:00:00,PAUSED,15,baseline,12345,2026-09-29T03:54:11.227481+00:00,False
773,2026-01-09T01:15:00,PAUSED,15,baseline,12345,2026-09-29T03:54:11.321312+00:00,False
774,2026-01-09T01:30:00,PAUSED,15,baseline,12345,2026-09-29T03:54:11.401721+00:00,False
775,2026-01-09T01:45:00,PAUSED,15,baseline,12345,2026-09-29T03:54:11.488987+00:00,False
776,2026-01-09T02:00:00,PAUSED,15,baseline,12345,2026-09-29T03:54:11.572506+00:00,False
777,2026-01-09T02:15:00,PAUSED,15,baseline,12345,2026-09-29T03:54:11.661112+00:00,False
778,2026-01-09T02:30:00,PAUSED,15,baseline,12345,2026-09-29T03:54:11.749471+00:00,False
779,2026-01-09T02:45:00,PAUSED,15,baseline,12345,2026-09-29T03:54:11.837920+00:00,False
780,2026-01-09T03:00:00,PAUSED,15,baseline,12345,2026-09-29T03:54:11.927566+00:00,False
781,2026-01-09T03:15:00,PAUSED,15,baseline,12345,2026-09-29T03:54:12.017106+00:00,False
782,2026-01-09T03:30:00,PAUSED,15,baseline,12345,2026-09-29T03:54:12.110259+00:00,False
783,2026-01-09T03:45:00,PAUSED,15,baseline,12345,2026-09-29T03:54:12.199879+00:00,False
784,2026-01-09T04:00:00,PAUSED,15,baseline,12345,2026-09-29T03:54:12.293484+00:00,False
785,2026-01-09T04:15:00,PAUSED,15,baseline,12345,2026-09-29T03:54:12.383060+00:00,False
786,2026-01-09T04:30:00,PAUSED,15,baseline,12345,2026-09-29T03:54:12.471154+00:00,False
787,2026-01-09T04:45:00,PAUSED,15,baseline,12345,2026-09-29T03:54:12.556757+00:00,False
788,2026-01-09T05:00:00,PAUSED,15,baseline,12345,2026-09-29T03:54:12.645130+00:00,False
789,2026-01-09T05:15:00,PAUSED,15,baseline,12345,2026-09-29T03:54:12.733313+00:00,False
790,2026-01-09T05:30:00,PAUSED,15,baseline,12345,2026-09-29T03:54:12.828531+00:00,False
791,2026-01-09T05:45:00,PAUSED,15,baseline,12345,2026-09-29T03:54:12.947023+00:00,False
792,2026-01-09T06:00:00,PAUSED,15,baseline,12345,2026-09-29T03:54:13.057392+00:00,False
793,2026-01-09T06:15:00,PAUSED,15,baseline,12345,2026-09-29T03:54:13.150833+00:00,False
794,2026-01-09T06:30:00,PAUSED,15,baseline,12345,2026-09-29T03:54:13.249590+00:00,False
795,2026-01-09T06:45:00,PAUSED,15,baseline,12345,2026-09-29T03:54:13.350304+00:00,False
796,2026-01-09T07:00:00,PAUSED,15,baseline,12345,2026-09-29T03:54:13.437694+00:00,False
797,2026-01-09T07:15:00,PAUSED,15,baseline,12345,2026-09-29T03:54:13.527813+00:00,False
798,2026-01-09T07:30:00,PAUSED,15,baseline,12345,2026-09-29T03:54:13.609430+00:00,False
799,2026-01-09T07:45:00,PAUSED,15,baseline,12345,2026-09-29T03:54:13.692256+00:00,False
800,2026-01-09T08:00:00,PAUSED,15,baseline,12345,2026-09-29T03:54:13.836840+00:00,False
801,2026-01-09T08:15:00,PAUSED,15,baseline,12345,2026-09-29T03:54:13.924433+00:00,False
802,2026-01-09T08:30:00,PAUSED,15,baseline,12345,2026-09-29T03:54:14.019059+00:00,False
803,2026-01-09T08:45:00,PAUSED,15,baseline,12345,2026-09-29T03:54:14.112730+00:00,False
804,2026-01-09T09:00:00,PAUSED,15,baseline,12345,2026-09-29T03:54:14.204216+00:00,False
805,2026-01-09T09:15:00,PAUSED,15,baseline,12345,2026-09-29T03:54:14.296534+00:00,False
806,2026-01-09T09:30:00,PAUSED,15,baseline,12345,2026-09-29T03:54:14.393087+00:00,False
807,2026-01-09T09:45:00,PAUSED,15,baseline,12345,2026-09-29T03:54:14.486863+00:00,False
808,2026-01-09T10:00:00,PAUSED,15,baseline,12345,2026-09-29T03:54:14.579893+00:00,False
809,2026-01-09T10:15:00,PAUSED,15,baseline,12345,2026-09-29T03:54:14.673001+00:00,False
810,2026-01-09T10:30:00,PAUSED,15,baseline,12345,2026-09-29T03:54:14.766442+00:00,False
811,2026-01-09T10:45:00,PAUSED,15,baseline,12345,2026-09-29T03:54:14.856005+00:00,False
812,2026-01-09T11:00:00,PAUSED,15,baseline,12345,2026-09-29T03:54:14.945836+00:00,False
813,2026-01-09T11:15:00,PAUSED,15,baseline,12345,2026-09-29T03:54:15.036633+00:00,False
814,2026-01-09T11:30:00,PAUSED,15,baseline,12345,2026-09-29T03:54:15.128487+00:00,False
815,2026-01-09T11:45:00,PAUSED,15,baseline,12345,2026-09-29T03:54:15.221679+00:00,False
816,2026-01-09T12:00:00,PAUSED,15,baseline,12345,2026-09-29T03:54:15.313947+00:00,False
817,2026-01-09T12:15:00,PAUSED,15,baseline,12345,2026-09-29T03:54:15.405301+00:00,False
818,2026-01-09T12:30:00,PAUSED,15,baseline,12345,2026-09-29T03:54:15.493937+00:00,False
819,2026-01-09T12:45:00,PAUSED,15,baseline,12345,2026-09-29T03:54:15.588237+00:00,False
820,2026-01-09T13:00:00,PAUSED,15,baseline,12345,2026-09-29T03:54:15.676336+00:00,False
821,2026-01-09T13:15:00,PAUSED,15,baseline,12345,2026-09-29T03:54:15.770470+00:00,False
822,2026-01-09T13:30:00,PAUSED,15,baseline,12345,2026-09-29T03:54:15.858034+00:00,False
823,2026-01-09T13:45:00,PAUSED,15,baseline,12345,2026-09-29T03:54:15.951146+00:00,False
824,2026-01-09T14:00:00,PAUSED,15,baseline,12345,2026-09-29T03:54:16.039414+00:00,False
825,2026-01-09T14:15:00,PAUSED,15,baseline,12345,2026-09-29T03:54:16.130208+00:00,False
826,2026-01-09T14:30:00,PAUSED,15,baseline,12345,2026-09-29T03:54:16.223449+00:00,False
827,2026-01-09T14:45:00,PAUSED,15,baseline,12345,2026-09-29T03:54:16.313823+00:00,False
828,2026-01-09T15:00:00,PAUSED,15,baseline,12345,2026-09-29T03:54:16.405809+00:00,False
829,2026-01-09T15:15:00,PAUSED,15,baseline,12345,2026-09-29T03:54:16.491489+00:00,False
830,2026-01-09T15:30:00,PAUSED,15,baseline,12345,2026-09-29T03:54:16.583189+00:00,False
831,2026-01-09T15:45:00,PAUSED,15,baseline,12345,2026-09-29T03:54:16.671209+00:00,False
832,2026-01-09T16:00:00,PAUSED,15,baseline,12345,2026-09-29T03:54:16.762639+00:00,False
833,2026-01-09T16:15:00,PAUSED,15,baseline,12345,2026-09-29T03:54:16.852529+00:00,False
834,2026-01-09T16:30:00,PAUSED,15,baseline,12345,2026-09-29T03:54:16.943589+00:00,False
835,2026-01-09T16:45:00,PAUSED,15,baseline,12345,2026-09-29T03:54:17.030449+00:00,False
836,2026-01-09T17:00:00,PAUSED,15,baseline,12345,2026-09-29T03:54:17.123736+00:00,False
837,2026-01-09T17:15:00,PAUSED,15,baseline,12345,2026-09-29T03:54:17.210643+00:00,False
838,2026-01-09T17:30:00,PAUSED,15,baseline,12345,2026-09-29T03:54:17.304040+00:00,False
839,2026-01-09T17:45:00,PAUSED,15,baseline,12345,2026-09-29T03:54:17.391741+00:00,False
840,2026-01-09T18:00:00,PAUSED,15,baseline,12345,2026-09-29T03:54:17.483786+00:00,False
841,2026-01-09T18:15:00,PAUSED,15,baseline,12345,2026-09-29T03:54:17.568706+00:00,False
842,2026-01-09T18:30:00,PAUSED,15,baseline,12345,2026-09-29T03:54:17.653432+00:00,False
843,2026-01-09T18:45:00,PAUSED,15,baseline,12345,2026-09-29T03:54:17.737167+00:00,False
844,2026-01-09T19:00:00,PAUSED,15,baseline,12345,2026-09-29T03:54:17.824001+00:00,False
845,2026-01-09T19:15:00,PAUSED,15,baseline,12345,2026-09-29T03:54:17.906821+00:00,False
846,2026-01-09T19:30:00,PAUSED,15,baseline,12345,2026-09-29T03:54:17.998494+00:00,False
847,2026-01-09T19:45:00,PAUSED,15,baseline,12345,2026-09-29T03:54:18.086352+00:00,False
848,2026-01-09T20:00:00,PAUSED,15,baseline,12345,2026-09-29T03:54:18.175675+00:00,False
849,2026-01-09T20:15:00,PAUSED,15,baseline,12345,2026-09-29T03:54:18.260833+00:00,False
850,2026-01-09T20:30:00,PAUSED,15,baseline,12345,2026-09-29T03:54:18.389976+00:00,False
851,2026-01-09T20:45:00,PAUSED,15,baseline,12345,2026-09-29T03:54:18.477746+00:00,False
852,2026-01-09T21:00:00,PAUSED,15,baseline,12345,2026-09-29T03:54:18.569453+00:00,False
853,2026-01-09T21:15:00,PAUSED,15,baseline,12345,2026-09-29T03:54:18.658533+00:00,False
854,2026-01-09T21:30:00,PAUSED,15,baseline,12345,2026-09-29T03:54:18.750067+00:00,False
855,2026-01-09T21:45:00,PAUSED,15,baseline,12345,2026-09-29T03:54:18.839149+00:00,False
856,2026-01-09T22:00:00,PAUSED,15,baseline,12345,2026-09-29T03:54:18.933672+00:00,False
857,2026-01-09T22:15:00,PAUSED,15,baseline,12345,2026-09-29T03:54:19.022452+00:00,False
858,2026-01-09T22:30:00,PAUSED,15,baseline,12345,2026-09-29T03:54:19.108558+00:00,False
859,2026-01-09T22:45:00,PAUSED,15,baseline,12345,2026-09-29T03:54:19.192066+00:00,False
860,2026-01-09T23:00:00,PAUSED,15,baseline,12345,2026-09-29T03:54:19.288567+00:00,False
861,2026-01-09T23:15:00,PAUSED,15,baseline,12345,2026-09-29T03:54:19.379752+00:00,False
862,2026-01-09T23:30:00,PAUSED,15,baseline,12345,2026-09-29T03:54:19.473958+00:00,False
863,2026-01-09T23:45:00,PAUSED,15,baseline,12345,2026-09-29T03:54:19.562793+00:00,False
864,2026-01-10T00:00:00,PAUSED,15,baseline,12345,2026-09-29T03:54:19.650250+00:00,False
865,2026-01-10T00:15:00,PAUSED,15,baseline,12345,2026-09-29T03:54:19.733788+00:00,False
866,2026-01-10T00:30:00,PAUSED,15,baseline,12345,2026-09-29T03:54:19.818456+00:00,False
867,2026-01-10T00:45:00,PAUSED,15,baseline,12345,2026-09-29T03:54:19.904124+00:00,False
868,2026-01-10T01:00:00,PAUSED,15,baseline,12345,2026-09-29T03:54:19.989812+00:00,False
869,2026-01-10T01:15:00,PAUSED,15,baseline,12345,2026-09-29T03:54:20.075676+00:00,False
870,2026-01-10T01:30:00,PAUSED,15,baseline,12345,2026-09-29T03:54:20.163324+00:00,False
871,2026-01-10T01:45:00,PAUSED,15,baseline,12345,2026-09-29T03:54:20.249057+00:00,False
872,2026-01-10T02:00:00,PAUSED,15,baseline,12345,2026-09-29T03:54:20.339835+00:00,False
873,2026-01-10T02:15:00,PAUSED,15,baseline,12345,2026-09-29T03:54:20.423506+00:00,False
874,2026-01-10T02:30:00,PAUSED,15,baseline,12345,2026-09-29T03:54:20.510022+00:00,False
875,2026-01-10T02:45:00,PAUSED,15,baseline,12345,2026-09-29T03:54:20.603263+00:00,False
876,2026-01-10T03:00:00,PAUSED,15,baseline,12345,2026-09-29T03:54:20.712246+00:00,False
877,2026-01-10T03:15:00,PAUSED,15,baseline,12345,2026-09-29T03:54:20.912094+00:00,False
878,2026-01-10T03:30:00,PAUSED,15,baseline,12345,2026-09-29T03:54:21.027198+00:00,False
879,2026-01-10T03:45:00,PAUSED,15,baseline,12345,2026-09-29T03:54:21.271712+00:00,False
880,2026-01-10T04:00:00,PAUSED,15,baseline,12345,2026-09-29T03:54:21.397497+00:00,False
881,2026-01-10T04:15:00,PAUSED,15,baseline,12345,2026-09-29T03:54:21.507401+00:00,False
882,2026-01-10T04:30:00,PAUSED,15,baseline,12345,2026-09-29T03:54:21.639266+00:00,False
883,2026-01-10T04:45:00,PAUSED,15,baseline,12345,2026-09-29T03:54:21.756543+00:00,False
884,2026-01-10T05:00:00,PAUSED,15,baseline,12345,2026-09-29T03:54:21.878428+00:00,False
885,2026-01-10T05:15:00,PAUSED,15,baseline,12345,2026-09-29T03:54:21.974699+00:00,False
886,2026-01-10T05:30:00,PAUSED,15,baseline,12345,2026-09-29T03:54:22.097371+00:00,False
887,2026-01-10T05:45:00,PAUSED,15,baseline,12345,2026-09-29T03:54:22.204767+00:00,False
888,2026-01-10T06:00:00,PAUSED,15,baseline,12345,2026-09-29T03:54:22.372235+00:00,False
889,2026-01-10T06:15:00,PAUSED,15,baseline,12345,2026-09-29T03:54:22.500858+00:00,False
890,2026-01-10T06:30:00,PAUSED,15,baseline,12345,2026-09-29T03:54:22.600126+00:00,False
891,2026-01-10T06:45:00,PAUSED,15,baseline,12345,2026-09-29T03:54:22.828058+00:00,False
892,2026-01-10T07:00:00,PAUSED,15,baseline,12345,2026-09-29T03:54:22.951745+00:00,False
893,2026-01-10T07:15:00,PAUSED,15,baseline,12345,2026-09-29T03:54:23.047713+00:00,False
894,2026-01-10T07:30:00,PAUSED,15,baseline,12345,2026-09-29T03:54:23.133917+00:00,False
895,2026-01-10T07:45:00,PAUSED,15,baseline,12345,2026-09-29T03:54:23.226658+00:00,False
896,2026-01-10T08:00:00,PAUSED,15,baseline,12345,2026-09-29T03:54:23.319894+00:00,False
897,2026-01-10T08:15:00,PAUSED,15,baseline,12345,2026-09-29T03:54:23.463368+00:00,False
898,2026-01-10T08:30:00,PAUSED,15,baseline,12345,2026-09-29T03:54:23.689613+00:00,False
899,2026-01-10T08:45:00,PAUSED,15,baseline,12345,2026-09-29T03:54:23.801867+00:00,False
900,2026-01-10T09:00:00,PAUSED,15,baseline,12345,2026-09-29T03:54:23.887087+00:00,False
901,2026-01-10T09:15:00,PAUSED,15,baseline,12345,2026-09-29T03:54:24.009104+00:00,False
902,2026-01-10T09:30:00,PAUSED,15,baseline,12345,2026-09-29T03:54:24.118918+00:00,False
903,2026-01-10T09:45:00,PAUSED,15,baseline,12345,2026-09-29T03:54:24.318354+00:00,False
904,2026-01-10T10:00:00,PAUSED,15,baseline,12345,2026-09-29T03:54:24.523500+00:00,False
905,2026-01-10T10:15:00,PAUSED,15,baseline,12345,2026-09-29T03:54:24.615304+00:00,False
906,2026-01-10T10:30:00,PAUSED,15,baseline,12345,2026-09-29T03:54:24.708066+00:00,False
907,2026-01-10T10:45:00,PAUSED,15,baseline,12345,2026-09-29T03:54:24.795721+00:00,False
908,2026-01-10T11:00:00,PAUSED,15,baseline,12345,2026-09-29T03:54:24.914871+00:00,False
909,2026-01-10T11:15:00,PAUSED,15,baseline,12345,2026-09-29T03:54:25.027118+00:00,False
910,2026-01-10T11:30:00,PAUSED,15,baseline,12345,2026-09-29T03:54:25.113901+00:00,False
911,2026-01-10T11:45:00,PAUSED,15,baseline,12345,2026-09-29T03:54:25.204534+00:00,False
912,2026-01-10T12:00:00,PAUSED,15,baseline,12345,2026-09-29T03:54:25.294542+00:00,False
913,2026-01-10T12:15:00,PAUSED,15,baseline,12345,2026-09-29T03:54:25.386819+00:00,False
914,2026-01-10T12:30:00,PAUSED,15,baseline,12345,2026-09-29T03:54:25.473763+00:00,False
915,2026-01-10T12:45:00,PAUSED,15,baseline,12345,2026-09-29T03:54:25.564258+00:00,False
916,2026-01-10T13:00:00,PAUSED,15,baseline,12345,2026-09-29T03:54:25.650862+00:00,False
917,2026-01-10T13:15:00,PAUSED,15,baseline,12345,2026-09-29T03:54:25.739118+00:00,False
918,2026-01-10T13:30:00,PAUSED,15,baseline,12345,2026-09-29T03:54:25.824298+00:00,False
919,2026-01-10T13:45:00,PAUSED,15,baseline,12345,2026-09-29T03:54:25.913248+00:00,False
920,2026-01-10T14:00:00,PAUSED,15,baseline,12345,2026-09-29T03:54:25.997748+00:00,False
921,2026-01-10T14:15:00,PAUSED,15,baseline,12345,2026-09-29T03:54:26.083741+00:00,False
922,2026-01-10T14:30:00,PAUSED,15,baseline,12345,2026-09-29T03:54:26.166274+00:00,False
923,2026-01-10T14:45:00,PAUSED,15,baseline,12345,2026-09-29T03:54:26.253595+00:00,False
924,2026-01-10T15:00:00,PAUSED,15,baseline,12345,2026-09-29T03:54:26.375661+00:00,False
925,2026-01-10T15:15:00,PAUSED,15,baseline,12345,2026-09-29T03:54:26.460860+00:00,False
926,2026-01-10T15:30:00,PAUSED,15,baseline,12345,2026-09-29T03:54:26.546755+00:00,False
927,2026-01-10T15:45:00,PAUSED,15,baseline,12345,2026-09-29T03:54:26.631101+00:00,False
928,2026-01-10T16:00:00,PAUSED,15,baseline,12345,2026-09-29T03:54:26.721997+00:00,False
929,2026-01-10T16:15:00,PAUSED,15,baseline,12345,2026-09-29T03:54:26.812637+00:00,False
930,2026-01-10T16:30:00,PAUSED,15,baseline,12345,2026-09-29T03:54:26.910197+00:00,False
931,2026-01-10T16:45:00,PAUSED,15,baseline,12345,2026-09-29T03:54:26.999339+00:00,False
932,2026-01-10T17:00:00,PAUSED,15,baseline,12345,2026-09-29T03:54:27.091824+00:00,False
933,2026-01-10T17:15:00,PAUSED,15,baseline,12345,2026-09-29T03:54:27.178025+00:00,False
934,2026-01-10T17:30:00,PAUSED,15,baseline,12345,2026-09-29T03:54:27.266296+00:00,False
935,2026-01-10T17:45:00,PAUSED,15,baseline,12345,2026-09-29T03:54:27.351111+00:00,False
936,2026-01-10T18:00:00,PAUSED,15,baseline,12345,2026-09-29T03:54:27.439287+00:00,False
937,2026-01-10T18:15:00,PAUSED,15,baseline,12345,2026-09-29T03:54:27.522002+00:00,False
938,2026-01-10T18:30:00,PAUSED,15,baseline,12345,2026-09-29T03:54:27.608992+00:00,False
939,2026-01-10T18:45:00,PAUSED,15,baseline,12345,2026-09-29T03:54:27.696809+00:00,False
940,2026-01-10T19:00:00,PAUSED,15,baseline,12345,2026-09-29T03:54:27.785557+00:00,False
941,2026-01-10T19:15:00,PAUSED,15,baseline,12345,2026-09-29T03:54:27.868238+00:00,False
942,2026-01-10T19:30:00,PAUSED,15,baseline,12345,2026-09-29T03:54:27.953813+00:00,False
943,2026-01-10T19:45:00,PAUSED,15,baseline,12345,2026-09-29T03:54:28.036392+00:00,False
944,2026-01-10T20:00:00,PAUSED,15,baseline,12345,2026-09-29T03:54:28.125067+00:00,False
945,2026-01-10T20:15:00,PAUSED,15,baseline,12345,2026-09-29T03:54:28.208309+00:00,False
946,2026-01-10T20:30:00,PAUSED,15,baseline,12345,2026-09-29T03:54:28.297610+00:00,False
947,2026-01-10T20:45:00,PAUSED,15,baseline,12345,2026-09-29T03:54:28.380113+00:00,False
948,2026-01-10T21:00:00,PAUSED,15,baseline,12345,2026-09-29T03:54:28.461097+00:00,False
949,2026-01-10T21:15:00,PAUSED,15,baseline,12345,2026-09-29T03:54:28.547159+00:00,False
950,2026-01-10T21:30:00,PAUSED,15,baseline,12345,2026-09-29T03:54:28.631387+00:00,False
951,2026-01-10T21:45:00,PAUSED,15,baseline,12345,2026-09-29T03:54:28.714919+00:00,False
952,2026-01-10T22:00:00,PAUSED,15,baseline,12345,2026-09-29T03:54:28.829407+00:00,False
953,2026-01-10T22:15:00,PAUSED,15,baseline,12345,2026-09-29T03:54:28.919724+00:00,False
954,2026-01-10T22:30:00,PAUSED,15,baseline,12345,2026-09-29T03:54:29.011505+00:00,False
955,2026-01-10T22:45:00,PAUSED,15,baseline,12345,2026-09-29T03:54:29.102068+00:00,False
956,2026-01-10T23:00:00,PAUSED,15,baseline,12345,2026-09-29T03:54:29.193436+00:00,False
957,2026-01-10T23:15:00,PAUSED,15,baseline,12345,2026-09-29T03:54:29.277777+00:00,False
958,2026-01-10T23:30:00,PAUSED,15,baseline,12345,2026-09-29T03:54:29.361671+00:00,False
959,2026-01-10T23:45:00,PAUSED,15,baseline,12345,2026-09-29T03:54:29.447241+00:00,False
960,2026-01-11T00:00:00,PAUSED,15,baseline,12345,2026-09-29T03:54:29.531301+00:00,False
