tick,sim_time,served_demand_liters,unmet_demand_liters,service_level,allocation_liters,allocation_failures
0,2026-01-01T00:00:00,0.0,0.0,1.0,0.0,0
1,2026-01-01T00:15:00,642.525,0.0,1.0,0.0,0
2,2026-01-01T00:30:00,1281.082,0.0,1.0,0.0,0
3,2026-01-01T00:45:00,1926.389,0.0,1.0,0.0,0
4,2026-01-01T01:00:00,2588.981,0.0,1.0,0.0,0
5,2026-01-01T01:15:00,3213.644,0.0,1.0,0.0,0
6,2026-01-01T01:30:00,3870.576,0.0,1.0,0.0,0
7,2026-01-01T01:45:00,4517.92,0.0,1.0,0.0,0
8,2026-01-01T02:00:00,5137.285,0.0,1.0,0.0,0
9,2026-01-01T02:15:00,5763.736,0.0,1.0,0.0,0
10,2026-01-01T02:30:00,6414.119,0.0,1.0,0.0,0
11,2026-01-01T02:45:00,7034.035,0.0,1.0,0.0,0
12,2026-01-01T03:00:00,7697.241,0.0,1.0,0.0,0
13,2026-01-01T03:15:00,8341.534,0.0,1.0,0.0,0
14,2026-01-01T03:30:00,9005.198,0.0,1.0,0.0,0
15,2026-01-01T03:45:00,9633.499,0.0,1.0,0.0,0
16,2026-01-01T04:00:00,10284.044,0.0,1.0,0.0,0
17,2026-01-01T04:15:00,10932.818,0.0,1.0,0.0,0
18,2026-01-01T04:30:00,11583.847,0.0,1.0,0.0,0
19,2026-01-01T04:45:00,12230.812,0.0,1.0,0.0,0
20,2026-01-01T05:00:00,12860.225,0.0,1.0,0.0,0
21,2026-01-01T05:15:00,13499.715,0.0,1.0,0.0,0
22,2026-01-01T05:30:00,14148.943,0.0,1.0,0.0,0
23,2026-01-01T05:45:00,14819.586,0.0,1.0,0.0,0
24,2026-01-01T06:00:00,15494.732,0.0,1.0,0.0,0
25,2026-01-01T06:15:00,16571.236,0.0,1.0,0.0,0
26,2026-01-01T06:30:00,17671.131,0.0,1.0,0.0,0
27,2026-01-01T06:45:00,18717.371,0.0,1.0,0.0,0
28,2026-01-01T07:00:00,19787.52,0.0,1.0,0.0,0
29,2026-01-01T07:15:00,21162.035,0.0,1.0,0.0,0
30,2026-01-01T07:30:00,22540.252,0.0,1.0,0.0,0
31,2026-01-01T07:45:00,23925.416,0.0,1.0,0.0,0
32,2026-01-01T08:00:00,25271.871,0.0,1.0,0.0,0
33,2026-01-01T08:15:00,26621.061,0.0,1.0,0.0,0
34,2026-01-01T08:30:00,27977.652,0.0,1.0,0.0,0
35,2026-01-01T08:45:00,29347.373,0.0,1.0,0.0,0
36,2026-01-01T09:00:00,30788.268,0.0,1.0,0.0,0
37,2026-01-01T09:15:00,32170.187,0.0,1.0,0.0,0
38,2026-01-01T09:30:00,33557.025,0.0,1.0,0.0,0
39,2026-01-01T09:45:00,34911.494,0.0,1.0,0.0,0
40,2026-01-01T10:00:00,36264.038,0.0,1.0,0.0,0
41,2026-01-01T10:15:00,37276.566,0.0,1.0,0.0,0
42,2026-01-01T10:30:00,38265.88,0.0,1.0,0.0,0
43,2026-01-01T10:45:00,39241.139,0.0,1.0,0.0,0
44,2026-01-01T11:00:00,40252.892,0.0,1.0,0.0,0
45,2026-01-01T11:15:00,41260.47,0.0,1.0,0.0,0
46,2026-01-01T11:30:00,42300.676,0.0,1.0,0.0,0
47,2026-01-01T11:45:00,43326.39,0.0,1.0,0.0,0
48,2026-01-01T12:00:00,44322.372,0.0,1.0,0.0,0
49,2026-01-01T12:15:00,45340.576,0.0,1.0,0.0,0
50,2026-01-01T12:30:00,46340.053,0.0,1.0,0.0,0
51,2026-01-01T12:45:00,47330.742,0.0,1.0,0.0,0
52,2026-01-01T13:00:00,48326.546,0.0,1.0,0.0,0
53,2026-01-01T13:15:00,49314.497,0.0,1.0,0.0,0
54,2026-01-01T13:30:00,50312.885,0.0,1.0,0.0,0
55,2026-01-01T13:45:00,51313.106,0.0,1.0,0.0,0
56,2026-01-01T14:00:00,52303.782,0.0,1.0,0.0,0
57,2026-01-01T14:15:00,53293.086,0.0,1.0,0.0,0
58,2026-01-01T14:30:00,54279.236,0.0,1.0,0.0,0
59,2026-01-01T14:45:00,55274.296,0.0,1.0,0.0,0
60,2026-01-01T15:00:00,56276.406,0.0,1.0,0.0,0
61,2026-01-01T15:15:00,57312.072,0.0,1.0,0.0,0
62,2026-01-01T15:30:00,58346.874,0.0,1.0,0.0,0
63,2026-01-01T15:45:00,59386.734,0.0,1.0,0.0,0
64,2026-01-01T16:00:00,60398.336,0.0,1.0,0.0,0
65,2026-01-01T16:15:00,61762.046,0.0,1.0,0.0,0
66,2026-01-01T16:30:00,63147.693,7.468,0.999882,0.0,0
67,2026-01-01T16:45:00,64306.096,241.386,0.99626,0.0,0
68,2026-01-01T17:00:00,65428.531,473.05,0.992822,0.0,0
69,2026-01-01T17:15:00,66602.057,700.465,0.989592,0.0,0
70,2026-01-01T17:30:00,67762.758,930.372,0.986456,0.0,0
71,2026-01-01T17:45:00,68903.325,1164.381,0.983382,0.0,0
72,2026-01-01T18:00:00,70052.143,1408.192,0.980294,0.0,0
73,2026-01-01T18:15:00,71124.141,1473.355,0.979705,0.0,0
74,2026-01-01T18:30:00,72215.429,1539.719,0.979124,0.0,0
75,2026-01-01T18:45:00,73201.705,1685.546,0.977492,0.0,0
76,2026-01-01T19:00:00,74164.337,1932.989,0.974598,0.0,0
77,2026-01-01T19:15:00,75064.115,2191.149,0.971638,0.0,0
78,2026-01-01T19:30:00,75905.67,2523.085,0.96783,0.0,0
79,2026-01-01T19:45:00,76712.685,2851.992,0.964155,0.0,0
80,2026-01-01T20:00:00,77378.763,3347.96,0.958527,0.0,0
81,2026-01-01T20:15:00,78043.374,3843.986,0.953058,0.0,0
82,2026-01-01T20:30:00,78710.176,4306.283,0.948127,0.0,0
83,2026-01-01T20:45:00,79346.022,4844.631,0.942456,0.0,0
84,2026-01-01T21:00:00,79877.16,5482.694,0.93577,0.0,0
85,2026-01-01T21:15:00,80079.572,5912.79,0.931241,0.0,0
86,2026-01-01T21:30:00,80295.713,6345.411,0.926762,0.0,0
87,2026-01-01T21:45:00,80505.893,6789.435,0.922225,0.0,0
88,2026-01-01T22:00:00,80713.717,7218.008,0.917913,0.0,0
89,2026-01-01T22:15:00,80877.985,7684.2,0.913234,0.0,0
90,2026-01-01T22:30:00,81047.83,8140.735,0.908724,0.0,0
91,2026-01-01T22:45:00,81211.152,8610.695,0.904136,0.0,0
92,2026-01-01T23:00:00,81336.979,9138.035,0.898999,0.0,0
93,2026-01-01T23:15:00,81450.155,9656.62,0.894008,0.0,0
94,2026-01-01T23:30:00,81573.792,10175.966,0.88909,0.0,0
95,2026-01-01T23:45:00,81688.49,10702.076,0.884165,0.0,0
96,2026-01-02T00:00:00,81809.11,11244.848,0.879158,0.0,0
97,2026-01-02T00:15:00,81928.776,11765.863,0.874423,0.0,0
98,2026-01-02T00:30:00,82049.228,12287.205,0.869751,0.0,0
99,2026-01-02T00:45:00,82172.602,12817.584,0.865064,0.0,0
100,2026-01-02T01:00:00,82294.247,13349.875,0.860421,0.0,0
101,2026-01-02T01:15:00,82417.2,13872.966,0.855925,0.0,0
102,2026-01-02T01:30:00,82532.008,14402.291,0.851422,0.0,0
103,2026-01-02T01:45:00,82657.85,14919.728,0.847099,0.0,0
104,2026-01-02T02:00:00,82777.667,15445.039,0.842755,0.0,0
105,2026-01-02T02:15:00,82903.464,15966.025,0.838514,0.0,0
106,2026-01-02T02:30:00,83028.869,16486.861,0.834329,0.0,0
107,2026-01-02T02:45:00,83143.256,17000.662,0.830238,0.0,0
108,2026-01-02T03:00:00,83263.909,17532.927,0.826057,0.0,0
109,2026-01-02T03:15:00,83366.265,18088.482,0.821709,0.0,0
110,2026-01-02T03:30:00,83455.99,18622.075,0.81757,0.0,0
111,2026-01-02T03:45:00,83545.613,19194.198,0.813177,0.0,0
112,2026-01-02T04:00:00,83614.175,19751.332,0.808918,0.0,0
113,2026-01-02T04:15:00,83644.308,20358.12,0.804253,0.0,0
114,2026-01-02T04:30:00,83677.593,20964.441,0.799656,0.0,0
115,2026-01-02T04:45:00,83709.969,21569.392,0.795122,0.0,0
116,2026-01-02T05:00:00,83743.037,22171.896,0.790663,0.0,0
117,2026-01-02T05:15:00,83776.358,22782.123,0.786201,0.0,0
118,2026-01-02T05:30:00,83807.351,23373.222,0.781927,0.0,0
119,2026-01-02T05:45:00,83838.057,23982.99,0.777567,0.0,0
120,2026-01-02T06:00:00,83870.327,24585.195,0.773315,0.0,0
121,2026-01-02T06:15:00,83980.174,25534.058,0.766843,0.0,0
122,2026-01-02T06:30:00,84086.309,26487.978,0.760451,0.0,0
123,2026-01-02T06:45:00,84197.997,27450.164,0.754137,0.0,0
124,2026-01-02T07:00:00,84313.671,28416.898,0.747922,0.0,0
125,2026-01-02T07:15:00,84424.918,29699.12,0.739765,0.0,0
126,2026-01-02T07:30:00,84540.889,30986.309,0.731783,0.0,0
127,2026-01-02T07:45:00,84648.974,32311.445,0.72374,0.0,0
128,2026-01-02T08:00:00,84756.966,33632.461,0.715917,0.0,0
129,2026-01-02T08:15:00,84868.647,34903.407,0.708585,0.0,0
130,2026-01-02T08:30:00,84977.193,36183.16,0.701361,0.0,0
131,2026-01-02T08:45:00,85087.183,37459.879,0.694323,0.0,0
132,2026-01-02T09:00:00,85199.449,38761.177,0.687311,0.0,0
133,2026-01-02T09:15:00,85311.794,40038.071,0.680589,0.0,0
134,2026-01-02T09:30:00,85359.36,41366.214,0.673576,0.0,0
135,2026-01-02T09:45:00,85392.932,42693.512,0.666682,0.0,0
136,2026-01-02T10:00:00,85428.907,44070.996,0.659683,0.0,0
137,2026-01-02T10:15:00,85465.001,45036.713,0.654896,0.0,0
138,2026-01-02T10:30:00,85501.233,46009.814,0.650145,0.0,0
139,2026-01-02T10:45:00,85535.485,46989.154,0.645431,0.0,0
140,2026-01-02T11:00:00,85570.885,47951.713,0.640872,0.0,0
141,2026-01-02T11:15:00,85608.622,48909.794,0.636408,0.0,0
142,2026-01-02T11:30:00,85646.165,49898.867,0.631865,0.0,0
143,2026-01-02T11:45:00,85683.537,50883.381,0.627411,0.0,0
144,2026-01-02T12:00:00,85718.242,51834.934,0.623164,0.0,0
145,2026-01-02T12:15:00,85751.014,52812.495,0.618857,0.0,0
146,2026-01-02T12:30:00,85789.139,53793.834,0.61461,0.0,0
147,2026-01-02T12:45:00,85826.081,54779.929,0.610401,0.0,0
148,2026-01-02T13:00:00,85860.969,55749.447,0.606318,0.0,0
149,2026-01-02T13:15:00,85898.463,56736.101,0.602228,0.0,0
150,2026-01-02T13:30:00,85900.0,57734.716,0.598045,0.0,0
151,2026-01-02T13:45:00,85900.0,58793.859,0.593667,0.0,0
152,2026-01-02T14:00:00,85900.0,59798.176,0.589575,0.0,0
153,2026-01-02T14:15:00,85900.0,60784.081,0.585612,0.0,0
154,2026-01-02T14:30:00,85900.0,61748.34,0.581788,0.0,0
155,2026-01-02T14:45:00,85900.0,62797.645,0.577682,0.0,0
156,2026-01-02T15:00:00,85900.0,63775.668,0.573908,0.0,0
157,2026-01-02T15:15:00,85900.0,64758.809,0.570162,0.0,0
158,2026-01-02T15:30:00,85900.0,65788.721,0.566291,0.0,0
159,2026-01-02T15:45:00,85900.0,66790.338,0.562577,0.0,0
160,2026-01-02T16:00:00,85900.0,67845.769,0.558715,0.0,0
161,2026-01-02T16:15:00,85900.0,69280.131,0.55355,0.0,0
162,2026-01-02T16:30:00,85900.0,70689.974,0.548566,0.0,0
163,2026-01-02T16:45:00,85900.0,72095.463,0.543686,0.0,0
164,2026-01-02T17:00:00,85900.0,73480.604,0.538961,0.0,0
165,2026-01-02T17:15:00,85900.0,74874.654,0.534288,0.0,0
166,2026-01-02T17:30:00,85900.0,76238.36,0.529794,0.0,0
167,2026-01-02T17:45:00,85900.0,77633.763,0.525274,0.0,0
168,2026-01-02T18:00:00,85900.0,78970.107,0.521016,0.0,0
169,2026-01-02T18:15:00,85900.0,80127.265,0.517385,0.0,0
170,2026-01-02T18:30:00,85900.0,81275.061,0.513833,0.0,0
171,2026-01-02T18:45:00,85900.0,82397.661,0.510405,0.0,0
172,2026-01-02T19:00:00,85900.0,83535.381,0.506978,0.0,0
173,2026-01-02T19:15:00,85900.0,84655.936,0.503647,0.0,0
174,2026-01-02T19:30:00,85900.0,85814.931,0.500248,0.0,0
175,2026-01-02T19:45:00,85900.0,86973.125,0.496896,0.0,0
176,2026-01-02T20:00:00,85900.0,88097.036,0.493687,0.0,0
177,2026-01-02T20:15:00,85900.0,89238.215,0.49047,0.0,0
178,2026-01-02T20:30:00,85900.0,90436.697,0.487136,0.0,0
179,2026-01-02T20:45:00,85900.0,91599.159,0.483946,0.0,0
180,2026-01-02T21:00:00,85900.0,92707.133,0.480944,0.0,0
181,2026-01-02T21:15:00,85900.0,93340.733,0.479244,0.0,0
182,2026-01-02T21:30:00,85900.0,93980.657,0.477539,0.0,0
183,2026-01-02T21:45:00,85900.0,94629.115,0.475824,0.0,0
184,2026-01-02T22:00:00,85900.0,95277.35,0.474121,0.0,0
185,2026-01-02T22:15:00,85900.0,95929.424,0.472421,0.0,0
186,2026-01-02T22:30:00,85900.0,96578.276,0.470741,0.0,0
187,2026-01-02T22:45:00,85900.0,97228.813,0.469069,0.0,0
188,2026-01-02T23:00:00,85900.0,97859.736,0.467458,0.0,0
189,2026-01-02T23:15:00,85900.0,98532.024,0.465754,0.0,0
190,2026-01-02T23:30:00,85900.0,99160.293,0.464173,0.0,0
191,2026-01-02T23:45:00,85900.0,99798.055,0.462579,0.0,0
192,2026-01-03T00:00:00,85900.0,100452.115,0.460955,0.0,0
193,2026-01-03T00:15:00,85900.0,101106.128,0.459343,0.0,0
194,2026-01-03T00:30:00,85900.0,101742.093,0.457786,0.0,0
195,2026-01-03T00:45:00,85900.0,102390.493,0.45621,0.0,0
196,2026-01-03T01:00:00,85900.0,103036.188,0.454651,0.0,0
197,2026-01-03T01:15:00,85900.0,103681.363,0.453104,0.0,0
198,2026-01-03T01:30:00,85900.0,104308.957,0.451609,0.0,0
199,2026-01-03T01:45:00,85900.0,104939.202,0.450117,0.0,0
200,2026-01-03T02:00:00,85900.0,105593.613,0.448579,0.0,0
201,2026-01-03T02:15:00,85900.0,106245.37,0.447057,0.0,0
202,2026-01-03T02:30:00,85900.0,106887.193,0.445569,0.0,0
203,2026-01-03T02:45:00,85900.0,107539.868,0.444066,0.0,0
204,2026-01-03T03:00:00,85900.0,108187.811,0.442583,0.0,0
205,2026-01-03T03:15:00,85900.0,108824.169,0.441137,0.0,0
206,2026-01-03T03:30:00,85900.0,109472.87,0.439672,0.0,0
207,2026-01-03T03:45:00,85900.0,110125.073,0.438209,0.0,0
208,2026-01-03T04:00:00,85900.0,110756.916,0.436801,0.0,0
209,2026-01-03T04:15:00,85900.0,111403.907,0.435369,0.0,0
210,2026-01-03T04:30:00,85900.0,112045.556,0.433958,0.0,0
211,2026-01-03T04:45:00,85900.0,112675.675,0.432581,0.0,0
212,2026-01-03T05:00:00,85900.0,113327.673,0.431165,0.0,0
213,2026-01-03T05:15:00,85900.0,113977.506,0.429763,0.0,0
214,2026-01-03T05:30:00,85900.0,114637.438,0.428349,0.0,0
215,2026-01-03T05:45:00,85900.0,115272.358,0.426997,0.0,0
216,2026-01-03T06:00:00,85900.0,115908.061,0.425652,0.0,0
217,2026-01-03T06:15:00,85900.0,116969.564,0.423425,0.0,0
218,2026-01-03T06:30:00,85900.0,118039.006,0.421204,0.0,0
219,2026-01-03T06:45:00,85900.0,119119.334,0.418985,0.0,0
220,2026-01-03T07:00:00,85900.0,120209.377,0.416769,0.0,0
221,2026-01-03T07:15:00,85900.0,121608.428,0.413959,0.0,0
222,2026-01-03T07:30:00,85900.0,123024.398,0.411154,0.0,0
223,2026-01-03T07:45:00,85900.0,124404.408,0.408456,0.0,0
224,2026-01-03T08:00:00,85900.0,125809.75,0.405744,0.0,0
225,2026-01-03T08:15:00,85900.0,127188.784,0.403118,0.0,0
226,2026-01-03T08:30:00,85900.0,128583.89,0.400496,0.0,0
227,2026-01-03T08:45:00,85900.0,129964.331,0.397935,0.0,0
228,2026-01-03T09:00:00,85900.0,131326.572,0.39544,0.0,0
229,2026-01-03T09:15:00,85900.0,132720.268,0.392919,0.0,0
230,2026-01-03T09:30:00,85900.0,134134.92,0.390393,0.0,0
231,2026-01-03T09:45:00,85900.0,135489.109,0.388005,0.0,0
232,2026-01-03T10:00:00,85900.0,136845.345,0.385642,0.0,0
233,2026-01-03T10:15:00,85900.0,137860.609,0.383892,0.0,0
234,2026-01-03T10:30:00,85900.0,138879.094,0.382153,0.0,0
235,2026-01-03T10:45:00,85900.0,139872.138,0.380472,0.0,0
236,2026-01-03T11:00:00,85900.0,140864.805,0.378807,0.0,0
237,2026-01-03T11:15:00,85900.0,141859.493,0.377152,0.0,0
238,2026-01-03T11:30:00,85900.0,142869.319,0.375487,0.0,0
239,2026-01-03T11:45:00,85900.0,143860.845,0.373867,0.0,0
240,2026-01-03T12:00:00,85900.0,144880.448,0.372215,0.0,0
241,2026-01-03T12:15:00,85900.0,145872.033,0.370623,0.0,0
242,2026-01-03T12:30:00,85900.0,146873.284,0.369029,0.0,0
243,2026-01-03T12:45:00,85900.0,147877.819,0.367443,0.0,0
244,2026-01-03T13:00:00,85900.0,148910.14,0.365827,0.0,0
245,2026-01-03T13:15:00,85900.0,149926.805,0.36425,0.0,0
246,2026-01-03T13:30:00,85900.0,150895.619,0.36276,0.0,0
247,2026-01-03T13:45:00,85900.0,151910.125,0.361213,0.0,0
248,2026-01-03T14:00:00,85900.0,152904.142,0.359709,0.0,0
249,2026-01-03T14:15:00,85900.0,153935.34,0.358162,0.0,0
250,2026-01-03T14:30:00,85900.0,154929.305,0.356684,0.0,0
251,2026-01-03T14:45:00,85900.0,155930.476,0.355208,0.0,0
252,2026-01-03T15:00:00,85900.0,156912.475,0.353771,0.0,0
253,2026-01-03T15:15:00,85900.0,157901.54,0.352336,0.0,0
254,2026-01-03T15:30:00,85900.0,158881.824,0.350925,0.0,0
255,2026-01-03T15:45:00,85900.0,159886.596,0.34949,0.0,0
256,2026-01-03T16:00:00,85900.0,160871.62,0.348095,0.0,0
257,2026-01-03T16:15:00,85900.0,162256.622,0.346152,0.0,0
258,2026-01-03T16:30:00,85900.0,163662.308,0.344203,0.0,0
259,2026-01-03T16:45:00,85900.0,165046.083,0.342305,0.0,0
260,2026-01-03T17:00:00,85900.0,166392.773,0.340477,0.0,0
261,2026-01-03T17:15:00,85900.0,167758.423,0.338644,0.0,0
262,2026-01-03T17:30:00,85900.0,169141.683,0.336808,0.0,0
263,2026-01-03T17:45:00,85900.0,170545.907,0.334963,0.0,0
264,2026-01-03T18:00:00,85900.0,171943.882,0.333147,0.0,0
265,2026-01-03T18:15:00,85900.0,173081.033,0.331685,0.0,0
266,2026-01-03T18:30:00,85900.0,174207.158,0.330249,0.0,0
267,2026-01-03T18:45:00,85900.0,175343.681,0.328812,0.0,0
268,2026-01-03T19:00:00,85900.0,176522.399,0.327335,0.0,0
269,2026-01-03T19:15:00,85900.0,177656.39,0.325926,0.0,0
270,2026-01-03T19:30:00,85900.0,178820.875,0.324493,0.0,0
271,2026-01-03T19:45:00,85900.0,179992.722,0.323063,0.0,0
272,2026-01-03T20:00:00,85900.0,181166.532,0.321643,0.0,0
273,2026-01-03T20:15:00,85900.0,182324.629,0.320254,0.0,0
274,2026-01-03T20:30:00,85900.0,183535.033,0.318815,0.0,0
275,2026-01-03T20:45:00,85900.0,184687.25,0.317458,0.0,0
276,2026-01-03T21:00:00,85900.0,185845.912,0.316104,0.0,0
277,2026-01-03T21:15:00,85900.0,186485.492,0.315362,0.0,0
278,2026-01-03T21:30:00,85900.0,187143.265,0.314602,0.0,0
279,2026-01-03T21:45:00,85900.0,187787.319,0.313862,0.0,0
280,2026-01-03T22:00:00,85900.0,188450.435,0.313103,0.0,0
281,2026-01-03T22:15:00,85900.0,189088.707,0.312376,0.0,0
282,2026-01-03T22:30:00,85900.0,189724.341,0.311656,0.0,0
283,2026-01-03T22:45:00,85900.0,190377.592,0.310919,0.0,0
284,2026-01-03T23:00:00,85900.0,191014.562,0.310204,0.0,0
285,2026-01-03T23:15:00,85900.0,191666.527,0.309475,0.0,0
286,2026-01-03T23:30:00,85900.0,192303.335,0.308767,0.0,0
287,2026-01-03T23:45:00,85900.0,192930.75,0.308072,0.0,0
288,2026-01-04T00:00:00,85900.0,193585.957,0.30735,0.0,0
289,2026-01-04T00:15:00,85900.0,194224.305,0.30665,0.0,0
290,2026-01-04T00:30:00,85900.0,194847.506,0.305969,0.0,0
291,2026-01-04T00:45:00,85900.0,195489.033,0.305271,0.0,0
292,2026-01-04T01:00:00,85900.0,196132.134,0.304575,0.0,0
293,2026-01-04T01:15:00,85900.0,196793.182,0.303863,0.0,0
294,2026-01-04T01:30:00,85900.0,197428.786,0.303181,0.0,0
295,2026-01-04T01:45:00,85900.0,198072.803,0.302494,0.0,0
296,2026-01-04T02:00:00,85900.0,198724.482,0.301801,0.0,0
297,2026-01-04T02:15:00,85900.0,199385.759,0.301102,0.0,0
298,2026-01-04T02:30:00,85900.0,200025.413,0.300428,0.0,0
299,2026-01-04T02:45:00,85900.0,200658.88,0.299764,0.0,0
300,2026-01-04T03:00:00,85900.0,201309.669,0.299085,0.0,0
301,2026-01-04T03:15:00,85900.0,201971.066,0.298397,0.0,0
302,2026-01-04T03:30:00,85900.0,202625.998,0.29772,0.0,0
303,2026-01-04T03:45:00,85900.0,203267.686,0.297059,0.0,0
304,2026-01-04T04:00:00,85900.0,203903.664,0.296408,0.0,0
305,2026-01-04T04:15:00,85900.0,204526.117,0.295772,0.0,0
306,2026-01-04T04:30:00,85900.0,205163.678,0.295124,0.0,0
307,2026-01-04T04:45:00,85900.0,205812.612,0.294468,0.0,0
308,2026-01-04T05:00:00,85900.0,206467.692,0.293808,0.0,0
309,2026-01-04T05:15:00,85900.0,207131.107,0.293143,0.0,0
310,2026-01-04T05:30:00,85900.0,207788.962,0.292486,0.0,0
311,2026-01-04T05:45:00,85900.0,208454.376,0.291825,0.0,0
312,2026-01-04T06:00:00,85900.0,209099.591,0.291187,0.0,0
313,2026-01-04T06:15:00,85900.0,210151.052,0.290153,0.0,0
314,2026-01-04T06:30:00,85900.0,211225.075,0.289104,0.0,0
315,2026-01-04T06:45:00,85900.0,212268.137,0.288092,0.0,0
316,2026-01-04T07:00:00,85900.0,213313.543,0.287086,0.0,0
317,2026-01-04T07:15:00,85900.0,214647.774,0.285811,0.0,0
318,2026-01-04T07:30:00,85900.0,216033.083,0.2845,0.0,0
319,2026-01-04T07:45:00,85900.0,217365.552,0.28325,0.0,0
320,2026-01-04T08:00:00,85900.0,218702.659,0.282007,0.0,0
321,2026-01-04T08:15:00,85900.0,220084.723,0.280733,0.0,0
322,2026-01-04T08:30:00,85900.0,221506.553,0.279435,0.0,0
323,2026-01-04T08:45:00,85900.0,222855.984,0.278213,0.0,0
324,2026-01-04T09:00:00,85900.0,224223.418,0.276986,0.0,0
325,2026-01-04T09:15:00,85900.0,225616.366,0.275748,0.0,0
326,2026-01-04T09:30:00,85900.0,227037.758,0.274495,0.0,0
327,2026-01-04T09:45:00,85900.0,228404.007,0.273302,0.0,0
328,2026-01-04T10:00:00,85900.0,229800.787,0.272093,0.0,0
329,2026-01-04T10:15:00,85900.0,230784.476,0.271248,0.0,0
330,2026-01-04T10:30:00,85900.0,231776.134,0.270401,0.0,0
331,2026-01-04T10:45:00,85900.0,232774.437,0.269554,0.0,0
332,2026-01-04T11:00:00,85900.0,233763.955,0.26872,0.0,0
333,2026-01-04T11:15:00,85900.0,234765.635,0.26788,0.0,0
334,2026-01-04T11:30:00,85900.0,235759.462,0.267053,0.0,0
335,2026-01-04T11:45:00,85900.0,236778.946,0.266209,0.0,0
336,2026-01-04T12:00:00,85900.0,237773.024,0.265391,0.0,0
337,2026-01-04T12:15:00,85900.0,238755.244,0.264588,0.0,0
338,2026-01-04T12:30:00,85900.0,239794.403,0.263744,0.0,0
339,2026-01-04T12:45:00,85900.0,240795.195,0.262936,0.0,0
340,2026-01-04T13:00:00,85900.0,241829.087,0.262107,0.0,0
341,2026-01-04T13:15:00,85900.0,242843.224,0.261298,0.0,0
342,2026-01-04T13:30:00,85900.0,243841.468,0.260507,0.0,0
343,2026-01-04T13:45:00,85900.0,244863.962,0.259702,0.0,0
344,2026-01-04T14:00:00,85900.0,245863.323,0.25892,0.0,0
345,2026-01-04T14:15:00,85900.0,246863.396,0.258141,0.0,0
346,2026-01-04T14:30:00,85900.0,247893.173,0.257345,0.0,0
347,2026-01-04T14:45:00,85900.0,248882.911,0.256584,0.0,0
348,2026-01-04T15:00:00,85900.0,249875.118,0.255826,0.0,0
349,2026-01-04T15:15:00,85900.0,250904.738,0.255044,0.0,0
350,2026-01-04T15:30:00,85900.0,251912.7,0.254283,0.0,0
351,2026-01-04T15:45:00,85900.0,252916.2,0.25353,0.0,0
352,2026-01-04T16:00:00,85900.0,253923.926,0.252778,0.0,0
353,2026-01-04T16:15:00,85900.0,255313.435,0.251749,0.0,0
354,2026-01-04T16:30:00,85900.0,256707.611,0.250724,0.0,0
355,2026-01-04T16:45:00,85900.0,258022.872,0.249765,0.0,0
356,2026-01-04T17:00:00,85900.0,259381.047,0.248783,0.0,0
357,2026-01-04T17:15:00,85900.0,260772.424,0.247784,0.0,0
358,2026-01-04T17:30:00,85900.0,262102.734,0.246837,0.0,0
359,2026-01-04T17:45:00,85900.0,263452.26,0.245884,0.0,0
360,2026-01-04T18:00:00,85900.0,264855.331,0.2449,0.0,0
361,2026-01-04T18:15:00,85900.0,266001.353,0.244102,0.0,0
362,2026-01-04T18:30:00,85900.0,267155.358,0.243305,0.0,0
363,2026-01-04T18:45:00,85900.0,268266.645,0.242541,0.0,0
364,2026-01-04T19:00:00,85900.0,269424.046,0.241751,0.0,0
365,2026-01-04T19:15:00,85900.0,270527.527,0.241003,0.0,0
366,2026-01-04T19:30:00,85900.0,271684.157,0.240223,0.0,0
367,2026-01-04T19:45:00,85900.0,272795.629,0.239479,0.0,0
368,2026-01-04T20:00:00,85900.0,273974.278,0.238694,0.0,0
369,2026-01-04T20:15:00,85900.0,275107.97,0.237945,0.0,0
370,2026-01-04T20:30:00,85900.0,276272.138,0.23718,0.0,0
371,2026-01-04T20:45:00,85900.0,277392.639,0.236449,0.0,0
372,2026-01-04T21:00:00,85900.0,278515.79,0.23572,0.0,0
373,2026-01-04T21:15:00,85900.0,279152.708,0.235308,0.0,0
374,2026-01-04T21:30:00,85900.0,279789.143,0.234899,0.0,0
375,2026-01-04T21:45:00,85900.0,280428.899,0.234489,0.0,0
376,2026-01-04T22:00:00,85900.0,281089.348,0.234067,0.0,0
377,2026-01-04T22:15:00,85900.0,281740.833,0.233652,0.0,0
378,2026-01-04T22:30:00,85900.0,282367.631,0.233254,0.0,0
379,2026-01-04T22:45:00,85900.0,282997.194,0.232856,0.0,0
380,2026-01-04T23:00:00,85900.0,283648.764,0.232446,0.0,0
381,2026-01-04T23:15:00,85900.0,284281.029,0.232049,0.0,0
382,2026-01-04T23:30:00,85900.0,284928.306,0.231644,0.0,0
383,2026-01-04T23:45:00,85900.0,285575.082,0.23124,0.0,0
384,2026-01-05T00:00:00,85900.0,286198.302,0.230853,0.0,0
385,2026-01-05T00:15:00,85900.0,286813.804,0.230472,0.0,0
386,2026-01-05T00:30:00,85900.0,287473.532,0.230065,0.0,0
387,2026-01-05T00:45:00,85900.0,288126.834,0.229663,0.0,0
388,2026-01-05T01:00:00,85900.0,288773.547,0.229266,0.0,0
389,2026-01-05T01:15:00,85900.0,289411.771,0.228876,0.0,0
390,2026-01-05T01:30:00,85900.0,290053.895,0.228485,0.0,0
391,2026-01-05T01:45:00,85900.0,290715.083,0.228084,0.0,0
392,2026-01-05T02:00:00,85900.0,291366.335,0.227691,0.0,0
393,2026-01-05T02:15:00,85900.0,292038.015,0.227286,0.0,0
394,2026-01-05T02:30:00,85900.0,292687.823,0.226896,0.0,0
395,2026-01-05T02:45:00,85900.0,293325.351,0.226514,0.0,0
396,2026-01-05T03:00:00,85900.0,293990.35,0.226118,0.0,0
397,2026-01-05T03:15:00,85900.0,294610.104,0.22575,0.0,0
398,2026-01-05T03:30:00,85900.0,295260.767,0.225364,0.0,0
399,2026-01-05T03:45:00,85900.0,295893.109,0.224991,0.0,0
400,2026-01-05T04:00:00,85900.0,296540.813,0.22461,0.0,0
401,2026-01-05T04:15:00,85900.0,297169.697,0.224241,0.0,0
402,2026-01-05T04:30:00,85900.0,297816.884,0.223863,0.0,0
403,2026-01-05T04:45:00,85900.0,298455.092,0.223491,0.0,0
404,2026-01-05T05:00:00,85900.0,299104.685,0.223114,0.0,0
405,2026-01-05T05:15:00,85900.0,299746.552,0.222743,0.0,0
406,2026-01-05T05:30:00,85900.0,300383.238,0.222376,0.0,0
407,2026-01-05T05:45:00,85900.0,301035.076,0.222001,0.0,0
408,2026-01-05T06:00:00,85900.0,301698.607,0.221621,0.0,0
409,2026-01-05T06:15:00,85900.0,302746.811,0.221023,0.0,0
410,2026-01-05T06:30:00,85900.0,303816.129,0.220417,0.0,0
411,2026-01-05T06:45:00,85900.0,304910.464,0.2198,0.0,0
412,2026-01-05T07:00:00,85900.0,305966.649,0.219207,0.0,0
413,2026-01-05T07:15:00,85900.0,307374.712,0.218422,0.0,0
414,2026-01-05T07:30:00,85900.0,308750.753,0.217661,0.0,0
415,2026-01-05T07:45:00,85900.0,310180.636,0.216875,0.0,0
416,2026-01-05T08:00:00,85900.0,311549.037,0.216128,0.0,0
417,2026-01-05T08:15:00,85900.0,312943.828,0.215373,0.0,0
418,2026-01-05T08:30:00,85900.0,314345.815,0.214618,0.0,0
419,2026-01-05T08:45:00,85900.0,315690.086,0.2139,0.0,0
420,2026-01-05T09:00:00,85900.0,317135.346,0.213133,0.0,0
421,2026-01-05T09:15:00,85900.0,318520.747,0.212403,0.0,0
422,2026-01-05T09:30:00,85900.0,319847.957,0.211708,0.0,0
423,2026-01-05T09:45:00,85900.0,321246.556,0.210981,0.0,0
424,2026-01-05T10:00:00,85900.0,322631.197,0.210265,0.0,0
425,2026-01-05T10:15:00,85900.0,323643.82,0.209746,0.0,0
426,2026-01-05T10:30:00,85900.0,324656.285,0.209228,0.0,0
427,2026-01-05T10:45:00,85900.0,325653.139,0.208722,0.0,0
428,2026-01-05T11:00:00,85900.0,326678.221,0.208203,0.0,0
429,2026-01-05T11:15:00,85900.0,327680.85,0.207698,0.0,0
430,2026-01-05T11:30:00,85900.0,328680.195,0.207198,0.0,0
431,2026-01-05T11:45:00,85900.0,329681.403,0.206698,0.0,0
432,2026-01-05T12:00:00,85900.0,330688.683,0.206199,0.0,0
433,2026-01-05T12:15:00,85900.0,331691.325,0.205704,0.0,0
434,2026-01-05T12:30:00,85900.0,332725.677,0.205195,0.0,0
435,2026-01-05T12:45:00,85900.0,333700.054,0.204719,0.0,0
436,2026-01-05T13:00:00,85900.0,334687.33,0.204238,0.0,0
437,2026-01-05T13:15:00,85900.0,335679.168,0.203758,0.0,0
438,2026-01-05T13:30:00,85900.0,336672.089,0.203279,0.0,0
439,2026-01-05T13:45:00,85900.0,337698.227,0.202786,0.0,0
440,2026-01-05T14:00:00,85900.0,338690.931,0.202312,0.0,0
441,2026-01-05T14:15:00,85900.0,339694.136,0.201835,0.0,0
442,2026-01-05T14:30:00,85900.0,340718.768,0.201351,0.0,0
443,2026-01-05T14:45:00,85900.0,341715.855,0.200881,0.0,0
444,2026-01-05T15:00:00,85900.0,342712.197,0.200414,0.0,0
445,2026-01-05T15:15:00,85900.0,343700.9,0.199953,0.0,0
446,2026-01-05T15:30:00,85900.0,344680.045,0.199498,0.0,0
447,2026-01-05T15:45:00,85900.0,345677.983,0.199037,0.0,0
448,2026-01-05T16:00:00,85900.0,346674.919,0.198578,0.0,0
449,2026-01-05T16:15:00,85900.0,348089.626,0.197931,0.0,0
450,2026-01-05T16:30:00,85900.0,349469.626,0.197304,0.0,0
451,2026-01-05T16:45:00,85900.0,350849.331,0.19668,0.0,0
452,2026-01-05T17:00:00,85900.0,352212.997,0.196068,0.0,0
453,2026-01-05T17:15:00,85900.0,353603.376,0.195448,0.0,0
454,2026-01-05T17:30:00,85900.0,354975.312,0.19484,0.0,0
455,2026-01-05T17:45:00,85900.0,356369.7,0.194225,0.0,0
456,2026-01-05T18:00:00,85900.0,357771.1,0.193612,0.0,0
457,2026-01-05T18:15:00,85900.0,358929.592,0.193108,0.0,0
458,2026-01-05T18:30:00,85900.0,360055.501,0.19262,0.0,0
459,2026-01-05T18:45:00,85900.0,361228.613,0.192115,0.0,0
460,2026-01-05T19:00:00,85900.0,362371.422,0.191625,0.0,0
461,2026-01-05T19:15:00,85900.0,363473.122,0.191155,0.0,0
462,2026-01-05T19:30:00,85900.0,364590.748,0.190681,0.0,0
463,2026-01-05T19:45:00,85900.0,365712.924,0.190207,0.0,0
464,2026-01-05T20:00:00,85900.0,366856.866,0.189727,0.0,0
465,2026-01-05T20:15:00,85900.0,368010.5,0.189244,0.0,0
466,2026-01-05T20:30:00,85900.0,369182.506,0.188757,0.0,0
467,2026-01-05T20:45:00,85900.0,370365.007,0.188268,0.0,0
468,2026-01-05T21:00:00,85900.0,371505.209,0.187798,0.0,0
469,2026-01-05T21:15:00,85900.0,372133.932,0.187541,0.0,0
470,2026-01-05T21:30:00,85900.0,372796.019,0.18727,0.0,0
471,2026-01-05T21:45:00,85900.0,373438.721,0.187008,0.0,0
472,2026-01-05T22:00:00,85900.0,374076.945,0.186748,0.0,0
473,2026-01-05T22:15:00,85900.0,374719.302,0.186488,0.0,0
474,2026-01-05T22:30:00,85900.0,375400.045,0.186213,0.0,0
475,2026-01-05T22:45:00,85900.0,376034.04,0.185957,0.0,0
476,2026-01-05T23:00:00,85900.0,376658.528,0.185706,0.0,0
477,2026-01-05T23:15:00,85900.0,377299.345,0.185449,0.0,0
478,2026-01-05T23:30:00,85900.0,377939.928,0.185193,0.0,0
479,2026-01-05T23:45:00,85900.0,378592.252,0.184933,0.0,0
480,2026-01-06T00:00:00,85900.0,379246.837,0.184673,0.0,0
481,2026-01-06T00:15:00,85900.0,379893.565,0.184416,0.0,0
482,2026-01-06T00:30:00,85900.0,380560.746,0.184153,0.0,0
483,2026-01-06T00:45:00,85900.0,381198.872,0.183901,0.0,0
484,2026-01-06T01:00:00,85900.0,381847.887,0.183646,0.0,0
485,2026-01-06T01:15:00,85900.0,382481.974,0.183397,0.0,0
486,2026-01-06T01:30:00,85900.0,383125.706,0.183146,0.0,0
487,2026-01-06T01:45:00,85900.0,383769.923,0.182894,0.0,0
488,2026-01-06T02:00:00,85900.0,384408.761,0.182646,0.0,0
489,2026-01-06T02:15:00,85900.0,385066.118,0.182391,0.0,0
490,2026-01-06T02:30:00,85900.0,385730.518,0.182134,0.0,0
491,2026-01-06T02:45:00,85900.0,386361.012,0.181891,0.0,0
492,2026-01-06T03:00:00,85900.0,387026.471,0.181635,0.0,0
493,2026-01-06T03:15:00,85900.0,387683.944,0.181383,0.0,0
494,2026-01-06T03:30:00,85900.0,388325.709,0.181137,0.0,0
495,2026-01-06T03:45:00,85900.0,388980.086,0.180888,0.0,0
496,2026-01-06T04:00:00,85900.0,389618.609,0.180645,0.0,0
497,2026-01-06T04:15:00,85900.0,390251.578,0.180405,0.0,0
498,2026-01-06T04:30:00,85900.0,390895.717,0.180161,0.0,0
499,2026-01-06T04:45:00,85900.0,391545.788,0.179916,0.0,0
500,2026-01-06T05:00:00,85900.0,392220.188,0.179662,0.0,0
501,2026-01-06T05:15:00,85900.0,392876.797,0.179416,0.0,0
502,2026-01-06T05:30:00,85900.0,393509.573,0.179179,0.0,0
503,2026-01-06T05:45:00,85900.0,394159.625,0.178936,0.0,0
504,2026-01-06T06:00:00,85900.0,394814.92,0.178692,0.0,0
505,2026-01-06T06:15:00,85900.0,395875.155,0.178299,0.0,0
506,2026-01-06T06:30:00,85900.0,396933.391,0.177908,0.0,0
507,2026-01-06T06:45:00,85900.0,397988.397,0.17752,0.0,0
508,2026-01-06T07:00:00,85900.0,399043.624,0.177134,0.0,0
509,2026-01-06T07:15:00,85900.0,400389.504,0.176644,0.0,0
510,2026-01-06T07:30:00,85900.0,401768.759,0.176144,0.0,0
511,2026-01-06T07:45:00,85900.0,403152.209,0.175646,0.0,0
512,2026-01-06T08:00:00,85900.0,404570.868,0.175138,0.0,0
513,2026-01-06T08:15:00,85900.0,406002.988,0.174628,0.0,0
514,2026-01-06T08:30:00,85900.0,407398.192,0.174134,0.0,0
515,2026-01-06T08:45:00,85900.0,408799.452,0.173641,0.0,0
516,2026-01-06T09:00:00,85900.0,410199.886,0.173151,0.0,0
517,2026-01-06T09:15:00,85900.0,411634.077,0.172651,0.0,0
518,2026-01-06T09:30:00,85900.0,412991.617,0.172182,0.0,0
519,2026-01-06T09:45:00,85900.0,414406.011,0.171695,0.0,0
520,2026-01-06T10:00:00,85900.0,415808.464,0.171215,0.0,0
521,2026-01-06T10:15:00,85900.0,416837.12,0.170865,0.0,0
522,2026-01-06T10:30:00,85900.0,417856.287,0.170519,0.0,0
523,2026-01-06T10:45:00,85900.0,418816.157,0.170195,0.0,0
524,2026-01-06T11:00:00,85900.0,419846.406,0.169848,0.0,0
525,2026-01-06T11:15:00,85900.0,420842.902,0.169514,0.0,0
526,2026-01-06T11:30:00,85900.0,421868.038,0.169172,0.0,0
527,2026-01-06T11:45:00,85900.0,422903.935,0.168827,0.0,0
528,2026-01-06T12:00:00,85900.0,423880.268,0.168504,0.0,0
529,2026-01-06T12:15:00,85900.0,424888.698,0.168171,0.0,0
530,2026-01-06T12:30:00,85900.0,425903.145,0.167838,0.0,0
531,2026-01-06T12:45:00,85900.0,426934.687,0.1675,0.0,0
532,2026-01-06T13:00:00,85900.0,427915.663,0.167181,0.0,0
533,2026-01-06T13:15:00,85900.0,428899.594,0.166861,0.0,0
534,2026-01-06T13:30:00,85900.0,429872.156,0.166546,0.0,0
535,2026-01-06T13:45:00,85900.0,430871.291,0.166224,0.0,0
536,2026-01-06T14:00:00,85900.0,431899.381,0.165894,0.0,0
537,2026-01-06T14:15:00,85900.0,432915.178,0.16557,0.0,0
538,2026-01-06T14:30:00,85900.0,433922.662,0.165249,0.0,0
539,2026-01-06T14:45:00,85900.0,434910.832,0.164935,0.0,0
540,2026-01-06T15:00:00,85900.0,435904.005,0.164621,0.0,0
541,2026-01-06T15:15:00,85900.0,436932.609,0.164297,0.0,0
542,2026-01-06T15:30:00,85900.0,437958.429,0.163976,0.0,0
543,2026-01-06T15:45:00,85900.0,438977.044,0.163657,0.0,0
544,2026-01-06T16:00:00,85900.0,439978.126,0.163346,0.0,0
545,2026-01-06T16:15:00,85900.0,441373.809,0.162913,0.0,0
546,2026-01-06T16:30:00,85900.0,442739.619,0.162493,0.0,0
547,2026-01-06T16:45:00,85900.0,444167.147,0.162055,0.0,0
548,2026-01-06T17:00:00,85900.0,445527.118,0.16164,0.0,0
549,2026-01-06T17:15:00,85900.0,446917.349,0.161218,0.0,0
550,2026-01-06T17:30:00,85900.0,448291.902,0.160804,0.0,0
551,2026-01-06T17:45:00,85900.0,449703.307,0.16038,0.0,0
552,2026-01-06T18:00:00,85900.0,451102.85,0.159962,0.0,0
553,2026-01-06T18:15:00,85900.0,452267.586,0.159616,0.0,0
554,2026-01-06T18:30:00,85900.0,453395.268,0.159282,0.0,0
555,2026-01-06T18:45:00,85900.0,454510.871,0.158953,0.0,0
556,2026-01-06T19:00:00,85900.0,455680.349,0.15861,0.0,0
557,2026-01-06T19:15:00,85900.0,456848.649,0.158268,0.0,0
558,2026-01-06T19:30:00,85900.0,457996.701,0.157934,0.0,0
559,2026-01-06T19:45:00,85900.0,459133.427,0.157605,0.0,0
560,2026-01-06T20:00:00,85900.0,460298.165,0.157269,0.0,0
561,2026-01-06T20:15:00,85900.0,461433.899,0.156943,0.0,0
562,2026-01-06T20:30:00,85900.0,462616.875,0.156604,0.0,0
563,2026-01-06T20:45:00,85900.0,463795.465,0.156268,0.0,0
564,2026-01-06T21:00:00,85900.0,464954.156,0.15594,0.0,0
565,2026-01-06T21:15:00,85900.0,465599.3,0.155757,0.0,0
566,2026-01-06T21:30:00,85900.0,466232.796,0.155579,0.0,0
567,2026-01-06T21:45:00,85900.0,466865.565,0.1554,0.0,0
568,2026-01-06T22:00:00,85900.0,467500.573,0.155222,0.0,0
569,2026-01-06T22:15:00,85900.0,468147.154,0.155041,0.0,0
570,2026-01-06T22:30:00,85900.0,468785.436,0.154863,0.0,0
571,2026-01-06T22:45:00,85900.0,469435.15,0.154681,0.0,0
572,2026-01-06T23:00:00,85900.0,470065.68,0.154506,0.0,0
573,2026-01-06T23:15:00,85900.0,470732.932,0.154321,0.0,0
574,2026-01-06T23:30:00,85900.0,471371.001,0.154144,0.0,0
575,2026-01-06T23:45:00,85900.0,472010.254,0.153967,0.0,0
576,2026-01-07T00:00:00,85900.0,472677.012,0.153784,0.0,0
577,2026-01-07T00:15:00,85900.0,473314.933,0.153608,0.0,0
578,2026-01-07T00:30:00,85900.0,473942.543,0.153436,0.0,0
579,2026-01-07T00:45:00,85900.0,474592.483,0.153258,0.0,0
580,2026-01-07T01:00:00,85900.0,475265.068,0.153074,0.0,0
581,2026-01-07T01:15:00,85900.0,475912.743,0.152898,0.0,0
582,2026-01-07T01:30:00,85900.0,476539.593,0.152728,0.0,0
583,2026-01-07T01:45:00,85900.0,477156.389,0.15256,0.0,0
584,2026-01-07T02:00:00,85900.0,477824.226,0.152379,0.0,0
585,2026-01-07T02:15:00,85900.0,478464.55,0.152207,0.0,0
586,2026-01-07T02:30:00,85900.0,479097.611,0.152036,0.0,0
587,2026-01-07T02:45:00,85900.0,479740.618,0.151863,0.0,0
588,2026-01-07T03:00:00,85900.0,480387.439,0.15169,0.0,0
589,2026-01-07T03:15:00,85900.0,481018.165,0.151521,0.0,0
590,2026-01-07T03:30:00,85900.0,481657.046,0.15135,0.0,0
591,2026-01-07T03:45:00,85900.0,482280.974,0.151184,0.0,0
592,2026-01-07T04:00:00,85900.0,482925.548,0.151013,0.0,0
593,2026-01-07T04:15:00,85900.0,483563.183,0.150844,0.0,0
594,2026-01-07T04:30:00,85900.0,484207.062,0.150673,0.0,0
595,2026-01-07T04:45:00,85900.0,484848.269,0.150504,0.0,0
596,2026-01-07T05:00:00,85900.0,485496.188,0.150334,0.0,0
597,2026-01-07T05:15:00,85900.0,486152.663,0.150161,0.0,0
598,2026-01-07T05:30:00,85900.0,486804.681,0.14999,0.0,0
599,2026-01-07T05:45:00,85900.0,487443.23,0.149823,0.0,0
600,2026-01-07T06:00:00,85900.0,488093.29,0.149653,0.0,0
601,2026-01-07T06:15:00,85900.0,489129.569,0.149384,0.0,0
602,2026-01-07T06:30:00,85900.0,490173.777,0.149113,0.0,0
603,2026-01-07T06:45:00,85900.0,491236.334,0.148838,0.0,0
604,2026-01-07T07:00:00,85900.0,492302.974,0.148564,0.0,0
605,2026-01-07T07:15:00,85900.0,493693.497,0.148207,0.0,0
606,2026-01-07T07:30:00,85900.0,495054.753,0.14786,0.0,0
607,2026-01-07T07:45:00,85900.0,496387.078,0.147522,0.0,0
608,2026-01-07T08:00:00,85900.0,497819.315,0.14716,0.0,0
609,2026-01-07T08:15:00,85900.0,499215.667,0.146809,0.0,0
610,2026-01-07T08:30:00,85900.0,500552.908,0.146474,0.0,0
611,2026-01-07T08:45:00,85900.0,501979.193,0.146118,0.0,0
612,2026-01-07T09:00:00,85900.0,503358.939,0.145776,0.0,0
613,2026-01-07T09:15:00,85900.0,504724.81,0.145439,0.0,0
614,2026-01-07T09:30:00,85900.0,506123.932,0.145095,0.0,0
615,2026-01-07T09:45:00,85900.0,507533.876,0.144751,0.0,0
616,2026-01-07T10:00:00,85900.0,508910.628,0.144416,0.0,0
617,2026-01-07T10:15:00,85900.0,509942.505,0.144166,0.0,0
618,2026-01-07T10:30:00,85900.0,510926.493,0.143928,0.0,0
619,2026-01-07T10:45:00,85900.0,511925.292,0.143687,0.0,0
620,2026-01-07T11:00:00,85900.0,512931.075,0.143446,0.0,0
621,2026-01-07T11:15:00,85900.0,513942.382,0.143204,0.0,0
622,2026-01-07T11:30:00,85900.0,514955.342,0.142963,0.0,0
623,2026-01-07T11:45:00,85900.0,515935.325,0.14273,0.0,0
624,2026-01-07T12:00:00,85900.0,516915.33,0.142498,0.0,0
625,2026-01-07T12:15:00,85900.0,517931.846,0.142258,0.0,0
626,2026-01-07T12:30:00,85900.0,518932.304,0.142023,0.0,0
627,2026-01-07T12:45:00,85900.0,519965.906,0.141781,0.0,0
628,2026-01-07T13:00:00,85900.0,520936.938,0.141554,0.0,0
629,2026-01-07T13:15:00,85900.0,521949.059,0.141318,0.0,0
630,2026-01-07T13:30:00,85900.0,522925.388,0.141091,0.0,0
631,2026-01-07T13:45:00,85900.0,523914.952,0.140862,0.0,0
632,2026-01-07T14:00:00,85900.0,524891.343,0.140637,0.0,0
633,2026-01-07T14:15:00,85900.0,525893.242,0.140407,0.0,0
634,2026-01-07T14:30:00,85900.0,526895.958,0.140177,0.0,0
635,2026-01-07T14:45:00,85900.0,527929.296,0.139941,0.0,0
636,2026-01-07T15:00:00,85900.0,528931.022,0.139713,0.0,0
637,2026-01-07T15:15:00,85900.0,529903.562,0.139493,0.0,0
638,2026-01-07T15:30:00,85900.0,530876.099,0.139273,0.0,0
639,2026-01-07T15:45:00,85900.0,531877.035,0.139047,0.0,0
640,2026-01-07T16:00:00,85900.0,532898.181,0.138817,0.0,0
641,2026-01-07T16:15:00,85900.0,534286.14,0.138507,0.0,0
642,2026-01-07T16:30:00,85900.0,535623.553,0.138209,0.0,0
643,2026-01-07T16:45:00,85900.0,537010.093,0.137901,0.0,0
644,2026-01-07T17:00:00,85900.0,538438.498,0.137586,0.0,0
645,2026-01-07T17:15:00,85900.0,539851.914,0.137275,0.0,0
646,2026-01-07T17:30:00,85900.0,541231.464,0.136973,0.0,0
647,2026-01-07T17:45:00,85900.0,542659.508,0.136662,0.0,0
648,2026-01-07T18:00:00,85900.0,544050.349,0.13636,0.0,0
649,2026-01-07T18:15:00,85900.0,545182.827,0.136115,0.0,0
650,2026-01-07T18:30:00,85900.0,546349.707,0.135864,0.0,0
651,2026-01-07T18:45:00,85900.0,547480.9,0.135621,0.0,0
652,2026-01-07T19:00:00,85900.0,548608.875,0.13538,0.0,0
653,2026-01-07T19:15:00,85900.0,549763.606,0.135134,0.0,0
654,2026-01-07T19:30:00,85900.0,550902.205,0.134893,0.0,0
655,2026-01-07T19:45:00,85900.0,552037.971,0.134653,0.0,0
656,2026-01-07T20:00:00,85900.0,553191.585,0.13441,0.0,0
657,2026-01-07T20:15:00,85900.0,554348.223,0.134167,0.0,0
658,2026-01-07T20:30:00,85900.0,555490.924,0.133928,0.0,0
659,2026-01-07T20:45:00,85900.0,556626.241,0.133691,0.0,0
660,2026-01-07T21:00:00,85900.0,557770.004,0.133453,0.0,0
661,2026-01-07T21:15:00,85900.0,558418.935,0.133319,0.0,0
662,2026-01-07T21:30:00,85900.0,559050.907,0.133188,0.0,0
663,2026-01-07T21:45:00,85900.0,559704.229,0.133054,0.0,0
664,2026-01-07T22:00:00,85900.0,560355.54,0.13292,0.0,0
665,2026-01-07T22:15:00,85900.0,560990.181,0.132789,0.0,0
666,2026-01-07T22:30:00,85900.0,561641.151,0.132656,0.0,0
667,2026-01-07T22:45:00,85900.0,562253.107,0.13253,0.0,0
668,2026-01-07T23:00:00,85900.0,562874.43,0.132403,0.0,0
669,2026-01-07T23:15:00,85900.0,563517.725,0.132272,0.0,0
670,2026-01-07T23:30:00,85900.0,564145.404,0.132145,0.0,0
671,2026-01-07T23:45:00,85900.0,564780.876,0.132016,0.0,0
672,2026-01-08T00:00:00,85900.0,565413.775,0.131887,0.0,0
673,2026-01-08T00:15:00,85900.0,566030.277,0.131763,0.0,0
674,2026-01-08T00:30:00,85900.0,566685.44,0.13163,0.0,0
675,2026-01-08T00:45:00,85900.0,567313.124,0.131504,0.0,0
676,2026-01-08T01:00:00,85900.0,567937.214,0.131378,0.0,0
677,2026-01-08T01:15:00,85900.0,568598.779,0.131245,0.0,0
678,2026-01-08T01:30:00,85900.0,569261.426,0.131113,0.0,0
679,2026-01-08T01:45:00,85900.0,569899.055,0.130985,0.0,0
680,2026-01-08T02:00:00,85900.0,570541.497,0.130857,0.0,0
681,2026-01-08T02:15:00,85900.0,571165.122,0.130733,0.0,0
682,2026-01-08T02:30:00,85900.0,571808.599,0.130605,0.0,0
683,2026-01-08T02:45:00,85900.0,572451.565,0.130477,0.0,0
684,2026-01-08T03:00:00,85900.0,573112.042,0.130347,0.0,0
685,2026-01-08T03:15:00,85900.0,573760.114,0.130219,0.0,0
686,2026-01-08T03:30:00,85900.0,574383.724,0.130096,0.0,0
687,2026-01-08T03:45:00,85900.0,575018.983,0.129971,0.0,0
688,2026-01-08T04:00:00,85900.0,575647.699,0.129847,0.0,0
689,2026-01-08T04:15:00,85900.0,576290.459,0.129721,0.0,0
690,2026-01-08T04:30:00,85900.0,576947.252,0.129592,0.0,0
691,2026-01-08T04:45:00,85900.0,577582.975,0.129468,0.0,0
692,2026-01-08T05:00:00,85900.0,578236.617,0.129341,0.0,0
693,2026-01-08T05:15:00,85900.0,578876.199,0.129216,0.0,0
694,2026-01-08T05:30:00,85900.0,579510.811,0.129093,0.0,0
695,2026-01-08T05:45:00,85900.0,580138.823,0.128971,0.0,0
696,2026-01-08T06:00:00,85900.0,580801.964,0.128843,0.0,0
697,2026-01-08T06:15:00,85900.0,581867.675,0.128638,0.0,0
698,2026-01-08T06:30:00,85900.0,582932.564,0.128433,0.0,0
699,2026-01-08T06:45:00,85900.0,583990.849,0.12823,0.0,0
700,2026-01-08T07:00:00,85900.0,585089.86,0.12802,0.0,0
701,2026-01-08T07:15:00,85900.0,586409.168,0.127769,0.0,0
702,2026-01-08T07:30:00,85900.0,587791.638,0.127506,0.0,0
703,2026-01-08T07:45:00,85900.0,589183.871,0.127243,0.0,0
704,2026-01-08T08:00:00,85900.0,590576.543,0.126981,0.0,0
705,2026-01-08T08:15:00,85900.0,591938.711,0.126726,0.0,0
706,2026-01-08T08:30:00,85900.0,593297.077,0.126473,0.0,0
707,2026-01-08T08:45:00,85900.0,594720.606,0.126208,0.0,0
708,2026-01-08T09:00:00,85900.0,596148.248,0.125944,0.0,0
709,2026-01-08T09:15:00,85900.0,597521.946,0.125691,0.0,0
710,2026-01-08T09:30:00,85900.0,598900.512,0.125438,0.0,0
711,2026-01-08T09:45:00,85900.0,600322.702,0.125178,0.0,0
712,2026-01-08T10:00:00,85900.0,601712.294,0.124925,0.0,0
713,2026-01-08T10:15:00,85900.0,602700.269,0.124746,0.0,0
714,2026-01-08T10:30:00,85900.0,603663.447,0.124572,0.0,0
715,2026-01-08T10:45:00,85900.0,604637.84,0.124396,0.0,0
716,2026-01-08T11:00:00,85900.0,605645.738,0.124214,0.0,0
717,2026-01-08T11:15:00,85900.0,606676.122,0.12403,0.0,0
718,2026-01-08T11:30:00,85900.0,607687.552,0.123849,0.0,0
719,2026-01-08T11:45:00,85900.0,608686.697,0.123671,0.0,0
720,2026-01-08T12:00:00,85900.0,609738.046,0.123484,0.0,0
721,2026-01-08T12:15:00,85900.0,610719.256,0.12331,0.0,0
722,2026-01-08T12:30:00,85900.0,611729.346,0.123131,0.0,0
723,2026-01-08T12:45:00,85900.0,612722.106,0.122956,0.0,0
724,2026-01-08T13:00:00,85900.0,613741.34,0.122777,0.0,0
725,2026-01-08T13:15:00,85900.0,614800.998,0.122592,0.0,0
726,2026-01-08T13:30:00,85900.0,615825.07,0.122413,0.0,0
727,2026-01-08T13:45:00,85900.0,616796.838,0.122243,0.0,0
728,2026-01-08T14:00:00,85900.0,617793.98,0.12207,0.0,0
729,2026-01-08T14:15:00,85900.0,618775.029,0.1219,0.0,0
730,2026-01-08T14:30:00,85900.0,619763.605,0.121729,0.0,0
731,2026-01-08T14:45:00,85900.0,620788.861,0.121553,0.0,0
732,2026-01-08T15:00:00,85900.0,621778.517,0.121383,0.0,0
733,2026-01-08T15:15:00,85900.0,622788.513,0.12121,0.0,0
734,2026-01-08T15:30:00,85900.0,623792.701,0.121038,0.0,0
735,2026-01-08T15:45:00,85900.0,624818.669,0.120864,0.0,0
736,2026-01-08T16:00:00,85900.0,625813.595,0.120695,0.0,0
737,2026-01-08T16:15:00,85900.0,627217.099,0.120457,0.0,0
738,2026-01-08T16:30:00,85900.0,628630.994,0.120219,0.0,0
739,2026-01-08T16:45:00,85900.0,630005.849,0.119988,0.0,0
740,2026-01-08T17:00:00,85900.0,631394.109,0.119756,0.0,0
741,2026-01-08T17:15:00,85900.0,632778.121,0.119525,0.0,0
742,2026-01-08T17:30:00,85900.0,634190.114,0.119291,0.0,0
743,2026-01-08T17:45:00,85900.0,635563.674,0.119064,0.0,0
744,2026-01-08T18:00:00,85900.0,636948.839,0.118835,0.0,0
745,2026-01-08T18:15:00,85900.0,638074.404,0.118651,0.0,0
746,2026-01-08T18:30:00,85900.0,639226.202,0.118462,0.0,0
747,2026-01-08T18:45:00,85900.0,640372.402,0.118275,0.0,0
748,2026-01-08T19:00:00,85900.0,641552.026,0.118083,0.0,0
749,2026-01-08T19:15:00,85900.0,642649.77,0.117905,0.0,0
750,2026-01-08T19:30:00,85900.0,643816.552,0.117717,0.0,0
751,2026-01-08T19:45:00,85900.0,644970.135,0.117531,0.0,0
752,2026-01-08T20:00:00,85900.0,646120.321,0.117346,0.0,0
753,2026-01-08T20:15:00,85900.0,647281.07,0.117161,0.0,0
754,2026-01-08T20:30:00,85900.0,648434.257,0.116977,0.0,0
755,2026-01-08T20:45:00,85900.0,649579.143,0.116795,0.0,0
756,2026-01-08T21:00:00,85900.0,650750.813,0.116609,0.0,0
757,2026-01-08T21:15:00,85900.0,651390.673,0.116508,0.0,0
758,2026-01-08T21:30:00,85900.0,652037.036,0.116406,0.0,0
759,2026-01-08T21:45:00,85900.0,652688.835,0.116303,0.0,0
760,2026-01-08T22:00:00,85900.0,653324.278,0.116203,0.0,0
761,2026-01-08T22:15:00,85900.0,653962.896,0.116103,0.0,0
762,2026-01-08T22:30:00,85900.0,654608.665,0.116001,0.0,0
763,2026-01-08T22:45:00,85900.0,655233.674,0.115904,0.0,0
764,2026-01-08T23:00:00,85900.0,655876.176,0.115803,0.0,0
765,2026-01-08T23:15:00,85900.0,656529.207,0.115701,0.0,0
766,2026-01-08T23:30:00,85900.0,657172.091,0.115601,0.0,0
767,2026-01-08T23:45:00,85900.0,657818.35,0.115501,0.0,0
768,2026-01-09T00:00:00,85900.0,658457.89,0.115401,0.0,0
769,2026-01-09T00:15:00,85900.0,659087.571,0.115304,0.0,0
770,2026-01-09T00:30:00,85900.0,659736.94,0.115204,0.0,0
771,2026-01-09T00:45:00,85900.0,660380.064,0.115104,0.0,0
772,2026-01-09T01:00:00,85900.0,661039.16,0.115003,0.0,0
773,2026-01-09T01:15:00,85900.0,661683.458,0.114904,0.0,0
774,2026-01-09T01:30:00,85900.0,662340.218,0.114803,0.0,0
775,2026-01-09T01:45:00,85900.0,662989.428,0.114703,0.0,0
776,2026-01-09T02:00:00,85900.0,663646.678,0.114603,0.0,0
777,2026-01-09T02:15:00,85900.0,664299.936,0.114503,0.0,0
778,2026-01-09T02:30:00,85900.0,664947.493,0.114404,0.0,0
779,2026-01-09T02:45:00,85900.0,665611.144,0.114303,0.0,0
780,2026-01-09T03:00:00,85900.0,666267.346,0.114203,0.0,0
781,2026-01-09T03:15:00,85900.0,666924.453,0.114104,0.0,0
782,2026-01-09T03:30:00,85900.0,667564.498,0.114007,0.0,0
783,2026-01-09T03:45:00,85900.0,668203.826,0.11391,0.0,0
784,2026-01-09T04:00:00,85900.0,668852.926,0.113812,0.0,0
785,2026-01-09T04:15:00,85900.0,669488.189,0.113716,0.0,0
786,2026-01-09T04:30:00,85900.0,670125.107,0.113621,0.0,0
787,2026-01-09T04:45:00,85900.0,670775.878,0.113523,0.0,0
788,2026-01-09T05:00:00,85900.0,671411.32,0.113428,0.0,0
789,2026-01-09T05:15:00,85900.0,672056.756,0.113331,0.0,0
790,2026-01-09T05:30:00,85900.0,672704.346,0.113234,0.0,0
791,2026-01-09T05:45:00,85900.0,673332.714,0.113141,0.0,0
792,2026-01-09T06:00:00,85900.0,673965.483,0.113046,0.0,0
793,2026-01-09T06:15:00,85900.0,675021.984,0.112889,0.0,0
794,2026-01-09T06:30:00,85900.0,676140.831,0.112724,0.0,0
795,2026-01-09T06:45:00,85900.0,677232.643,0.112562,0.0,0
796,2026-01-09T07:00:00,85900.0,678331.683,0.1124,0.0,0
797,2026-01-09T07:15:00,85900.0,679730.291,0.112195,0.0,0
798,2026-01-09T07:30:00,85900.0,681082.708,0.111997,0.0,0
799,2026-01-09T07:45:00,85900.0,682457.185,0.111797,0.0,0
800,2026-01-09T08:00:00,85900.0,683825.981,0.111598,0.0,0
801,2026-01-09T08:15:00,85900.0,685250.501,0.111392,0.0,0
802,2026-01-09T08:30:00,85900.0,686623.304,0.111194,0.0,0
803,2026-01-09T08:45:00,85900.0,687963.979,0.111001,0.0,0
804,2026-01-09T09:00:00,85900.0,689361.12,0.110801,0.0,0
805,2026-01-09T09:15:00,85900.0,690756.438,0.110602,0.0,0
806,2026-01-09T09:30:00,85900.0,692147.536,0.110405,0.0,0
807,2026-01-09T09:45:00,85900.0,693569.508,0.110203,0.0,0
808,2026-01-09T10:00:00,85900.0,694945.684,0.110009,0.0,0
809,2026-01-09T10:15:00,85900.0,695935.712,0.10987,0.0,0
810,2026-01-09T10:30:00,85900.0,696908.211,0.109733,0.0,0
811,2026-01-09T10:45:00,85900.0,697908.067,0.109593,0.0,0
812,2026-01-09T11:00:00,85900.0,698911.291,0.109453,0.0,0
813,2026-01-09T11:15:00,85900.0,699957.412,0.109307,0.0,0
814,2026-01-09T11:30:00,85900.0,700959.207,0.109168,0.0,0
815,2026-01-09T11:45:00,85900.0,701984.424,0.109026,0.0,0
816,2026-01-09T12:00:00,85900.0,702967.777,0.10889,0.0,0
817,2026-01-09T12:15:00,85900.0,703959.053,0.108754,0.0,0
818,2026-01-09T12:30:00,85900.0,704933.865,0.10862,0.0,0
819,2026-01-09T12:45:00,85900.0,705932.364,0.108483,0.0,0
820,2026-01-09T13:00:00,85900.0,706927.494,0.108346,0.0,0
821,2026-01-09T13:15:00,85900.0,707925.678,0.10821,0.0,0
822,2026-01-09T13:30:00,85900.0,708932.583,0.108073,0.0,0
823,2026-01-09T13:45:00,85900.0,709930.126,0.107938,0.0,0
824,2026-01-09T14:00:00,85900.0,710932.964,0.107802,0.0,0
825,2026-01-09T14:15:00,85900.0,711945.051,0.107665,0.0,0
826,2026-01-09T14:30:00,85900.0,712948.056,0.10753,0.0,0
827,2026-01-09T14:45:00,85900.0,713963.291,0.107393,0.0,0
828,2026-01-09T15:00:00,85900.0,714983.12,0.107257,0.0,0
829,2026-01-09T15:15:00,85900.0,715980.172,0.107123,0.0,0
830,2026-01-09T15:30:00,85900.0,716979.12,0.10699,0.0,0
831,2026-01-09T15:45:00,85900.0,717998.773,0.106854,0.0,0
832,2026-01-09T16:00:00,85900.0,719002.044,0.106721,0.0,0
833,2026-01-09T16:15:00,85900.0,720376.125,0.106539,0.0,0
834,2026-01-09T16:30:00,85900.0,721753.122,0.106358,0.0,0
835,2026-01-09T16:45:00,85900.0,723083.505,0.106183,0.0,0
836,2026-01-09T17:00:00,85900.0,724476.264,0.106,0.0,0
837,2026-01-09T17:15:00,85900.0,725876.334,0.105817,0.0,0
838,2026-01-09T17:30:00,85900.0,727278.425,0.105635,0.0,0
839,2026-01-09T17:45:00,85900.0,728668.321,0.105455,0.0,0
840,2026-01-09T18:00:00,85900.0,730014.934,0.105281,0.0,0
841,2026-01-09T18:15:00,85900.0,731150.883,0.105134,0.0,0
842,2026-01-09T18:30:00,85900.0,732272.689,0.10499,0.0,0
843,2026-01-09T18:45:00,85900.0,733395.827,0.104846,0.0,0
844,2026-01-09T19:00:00,85900.0,734549.722,0.104699,0.0,0
845,2026-01-09T19:15:00,85900.0,735680.312,0.104555,0.0,0
846,2026-01-09T19:30:00,85900.0,736830.06,0.104408,0.0,0
847,2026-01-09T19:45:00,85900.0,737995.793,0.104261,0.0,0
848,2026-01-09T20:00:00,85900.0,739129.714,0.104117,0.0,0
849,2026-01-09T20:15:00,85900.0,740288.963,0.103971,0.0,0
850,2026-01-09T20:30:00,85900.0,741431.114,0.103828,0.0,0
851,2026-01-09T20:45:00,85900.0,742588.728,0.103683,0.0,0
852,2026-01-09T21:00:00,85900.0,743719.485,0.103541,0.0,0
853,2026-01-09T21:15:00,85900.0,744359.14,0.103462,0.0,0
854,2026-01-09T21:30:00,85900.0,744988.455,0.103383,0.0,0
855,2026-01-09T21:45:00,85900.0,745646.219,0.103302,0.0,0
856,2026-01-09T22:00:00,85900.0,746268.335,0.103224,0.0,0
857,2026-01-09T22:15:00,85900.0,746895.483,0.103147,0.0,0
858,2026-01-09T22:30:00,85900.0,747548.467,0.103066,0.0,0
859,2026-01-09T22:45:00,85900.0,748188.533,0.102987,0.0,0
860,2026-01-09T23:00:00,85900.0,748837.524,0.102907,0.0,0
861,2026-01-09T23:15:00,85900.0,749472.863,0.102828,0.0,0
862,2026-01-09T23:30:00,85900.0,750121.564,0.102749,0.0,0
863,2026-01-09T23:45:00,85900.0,750794.68,0.102666,0.0,0
864,2026-01-10T00:00:00,85900.0,751444.439,0.102586,0.0,0
865,2026-01-10T00:15:00,85900.0,752088.826,0.102507,0.0,0
866,2026-01-10T00:30:00,85900.0,752751.769,0.102426,0.0,0
867,2026-01-10T00:45:00,85900.0,753410.504,0.102346,0.0,0
868,2026-01-10T01:00:00,85900.0,754072.9,0.102265,0.0,0
869,2026-01-10T01:15:00,85900.0,754720.917,0.102186,0.0,0
870,2026-01-10T01:30:00,85900.0,755381.309,0.102106,0.0,0
871,2026-01-10T01:45:00,85900.0,756019.536,0.102029,0.0,0
872,2026-01-10T02:00:00,85900.0,756669.046,0.10195,0.0,0
873,2026-01-10T02:15:00,85900.0,757313.362,0.101872,0.0,0
874,2026-01-10T02:30:00,85900.0,757962.329,0.101794,0.0,0
875,2026-01-10T02:45:00,85900.0,758597.544,0.101717,0.0,0
876,2026-01-10T03:00:00,85900.0,759216.273,0.101643,0.0,0
877,2026-01-10T03:15:00,85900.0,759838.989,0.101568,0.0,0
878,2026-01-10T03:30:00,85900.0,760476.231,0.101492,0.0,0
879,2026-01-10T03:45:00,85900.0,761120.868,0.101414,0.0,0
880,2026-01-10T04:00:00,85900.0,761762.764,0.101337,0.0,0
881,2026-01-10T04:15:00,85900.0,762400.893,0.101261,0.0,0
882,2026-01-10T04:30:00,85900.0,763057.835,0.101183,0.0,0
883,2026-01-10T04:45:00,85900.0,763707.584,0.101106,0.0,0
884,2026-01-10T05:00:00,85900.0,764352.471,0.101029,0.0,0
885,2026-01-10T05:15:00,85900.0,764995.127,0.100953,0.0,0
886,2026-01-10T05:30:00,85900.0,765657.718,0.100874,0.0,0
887,2026-01-10T05:45:00,85900.0,766300.839,0.100798,0.0,0
888,2026-01-10T06:00:00,85900.0,766939.277,0.100722,0.0,0
889,2026-01-10T06:15:00,85900.0,768008.549,0.100596,0.0,0
890,2026-01-10T06:30:00,85900.0,769060.273,0.100473,0.0,0
891,2026-01-10T06:45:00,85900.0,770170.378,0.100342,0.0,0
892,2026-01-10T07:00:00,85900.0,771219.058,0.100219,0.0,0
893,2026-01-10T07:15:00,85900.0,772593.638,0.100059,0.0,0
894,2026-01-10T07:30:00,85900.0,773964.075,0.0999,0.0,0
895,2026-01-10T07:45:00,85900.0,775335.073,0.09974,0.0,0
896,2026-01-10T08:00:00,85900.0,776686.919,0.099584,0.0,0
897,2026-01-10T08:15:00,85900.0,778083.951,0.099423,0.0,0
898,2026-01-10T08:30:00,85900.0,779473.248,0.099264,0.0,0
899,2026-01-10T08:45:00,85900.0,780890.39,0.099101,0.0,0
900,2026-01-10T09:00:00,85900.0,782309.392,0.098939,0.0,0
901,2026-01-10T09:15:00,85900.0,783682.2,0.098783,0.0,0
902,2026-01-10T09:30:00,85900.0,785098.717,0.098622,0.0,0
903,2026-01-10T09:45:00,85900.0,786402.359,0.098475,0.0,0
904,2026-01-10T10:00:00,85900.0,787791.204,0.098318,0.0,0
905,2026-01-10T10:15:00,85900.0,788797.196,0.098205,0.0,0
906,2026-01-10T10:30:00,85900.0,789783.587,0.098095,0.0,0
907,2026-01-10T10:45:00,85900.0,790773.831,0.097984,0.0,0
908,2026-01-10T11:00:00,85900.0,791743.743,0.097876,0.0,0
909,2026-01-10T11:15:00,85900.0,792731.093,0.097766,0.0,0
910,2026-01-10T11:30:00,85900.0,793752.51,0.097652,0.0,0
911,2026-01-10T11:45:00,85900.0,794777.433,0.097539,0.0,0
912,2026-01-10T12:00:00,85900.0,795792.964,0.097426,0.0,0
913,2026-01-10T12:15:00,85900.0,796767.909,0.097319,0.0,0
914,2026-01-10T12:30:00,85900.0,797782.912,0.097207,0.0,0
915,2026-01-10T12:45:00,85900.0,798788.377,0.097096,0.0,0
916,2026-01-10T13:00:00,85900.0,799820.711,0.096983,0.0,0
917,2026-01-10T13:15:00,85900.0,800825.215,0.096873,0.0,0
918,2026-01-10T13:30:00,85900.0,801848.511,0.096762,0.0,0
919,2026-01-10T13:45:00,85900.0,802877.38,0.09665,0.0,0
920,2026-01-10T14:00:00,85900.0,803849.442,0.096544,0.0,0
921,2026-01-10T14:15:00,85900.0,804857.5,0.096435,0.0,0
922,2026-01-10T14:30:00,85900.0,805895.539,0.096323,0.0,0
923,2026-01-10T14:45:00,85900.0,806900.682,0.096214,0.0,0
924,2026-01-10T15:00:00,85900.0,807913.011,0.096105,0.0,0
925,2026-01-10T15:15:00,85900.0,808912.979,0.095998,0.0,0
926,2026-01-10T15:30:00,85900.0,809907.491,0.095891,0.0,0
927,2026-01-10T15:45:00,85900.0,810926.902,0.095782,0.0,0
928,2026-01-10T16:00:00,85900.0,811947.277,0.095673,0.0,0
929,2026-01-10T16:15:00,85900.0,813380.626,0.095521,0.0,0
930,2026-01-10T16:30:00,85900.0,814774.882,0.095373,0.0,0
931,2026-01-10T16:45:00,85900.0,816171.955,0.095225,0.0,0
932,2026-01-10T17:00:00,85900.0,817580.871,0.095077,0.0,0
933,2026-01-10T17:15:00,85900.0,818950.088,0.094933,0.0,0
934,2026-01-10T17:30:00,85900.0,820338.674,0.094787,0.0,0
935,2026-01-10T17:45:00,85900.0,821754.562,0.09464,0.0,0
936,2026-01-10T18:00:00,85900.0,823134.621,0.094496,0.0,0
937,2026-01-10T18:15:00,85900.0,824291.371,0.094376,0.0,0
938,2026-01-10T18:30:00,85900.0,825459.731,0.094255,0.0,0
939,2026-01-10T18:45:00,85900.0,826596.551,0.094137,0.0,0
940,2026-01-10T19:00:00,85900.0,827740.456,0.094019,0.0,0
941,2026-01-10T19:15:00,85900.0,828859.3,0.093904,0.0,0
942,2026-01-10T19:30:00,85900.0,829973.924,0.09379,0.0,0
943,2026-01-10T19:45:00,85900.0,831141.138,0.093671,0.0,0
944,2026-01-10T20:00:00,85900.0,832306.615,0.093552,0.0,0
945,2026-01-10T20:15:00,85900.0,833457.979,0.093435,0.0,0
946,2026-01-10T20:30:00,85900.0,834595.202,0.093319,0.0,0
947,2026-01-10T20:45:00,85900.0,835721.227,0.093205,0.0,0
948,2026-01-10T21:00:00,85900.0,836817.662,0.093095,0.0,0
949,2026-01-10T21:15:00,85900.0,837489.163,0.093027,0.0,0
950,2026-01-10T21:30:00,85900.0,838126.598,0.092963,0.0,0
951,2026-01-10T21:45:00,85900.0,838764.956,0.092899,0.0,0
952,2026-01-10T22:00:00,85900.0,839413.091,0.092833,0.0,0
953,2026-01-10T22:15:00,85900.0,840050.806,0.09277,0.0,0
954,2026-01-10T22:30:00,85900.0,840702.545,0.092704,0.0,0
955,2026-01-10T22:45:00,85900.0,841337.79,0.092641,0.0,0
956,2026-01-10T23:00:00,85900.0,841982.516,0.092576,0.0,0
957,2026-01-10T23:15:00,85900.0,842620.184,0.092513,0.0,0
958,2026-01-10T23:30:00,85900.0,843234.709,0.092452,0.0,0
959,2026-01-10T23:45:00,85900.0,843879.502,0.092387,0.0,0
960,2026-01-11T00:00:00,85900.0,844531.963,0.092323,0.0,0
